Label,Deposit,SiO2,TiO2,Al2O3,TFe2O3,MnO,MgO,CaO,Na2O,K2O,P2O5,Rb,Sr,Y,Zr,Nb,Ba,La,Ce,Pr,Nd,Sm,Eu,Gd,Tb,Dy,Ho,Er,Tm,Yb,Lu,Hf,Ta,Th,U
Au-rich PCDs,Oyu Tolgoi Cu-Au,65.37,0.6,17.98,5.39,0.12,1.53,3.89,4.92,3.13,0.24,64.3,1055,16.5,111,6.7,956,15.9,32.8,3.78,15.5,3.49,1.13,3.54,0.58,3.35,0.63,1.93,0.27,2,0.32,3,0.4,2.63,1.54
Au-rich PCDs,Oyu Tolgoi Cu-Au,57.42,0.58,17.77,5.19,0.19,1.48,4.52,5.48,3.13,0.27,58.6,1035,19.2,91.9,6,770,15.4,30.9,3.7,16.1,3.5,1.2,3.8,0.6,3.3,0.7,2.1,0.3,2.1,0.3,3,0.5,3,1.3
Au-rich PCDs,Oyu Tolgoi Cu-Au,63.1,0.33,16.61,3.78,0.08,0.73,1.96,4.91,3.96,0.13,69,695,12.3,104,4.7,821,11.4,20.8,2.33,9.59,2.07,0.68,2.02,0.33,1.91,0.4,1.26,0.21,1.54,0.28,2.4,0.34,2.81,1.71
Au-rich PCDs,Oyu Tolgoi Cu-Au,65.13,0.31,16.21,3.68,0.1,0.79,1.97,4.99,3.36,0.12,60,499,12.1,111,4.7,841,11.5,21.9,2.49,10.1,2.09,0.68,1.97,0.31,1.9,0.4,1.25,0.2,1.46,0.25,2.5,0.34,2.63,1.32
Au-rich PCDs,Oyu Tolgoi Cu-Au,64.38,0.35,17.36,3.74,0.04,0.82,1.6,5.61,3.78,0.12,70,661,13,105,4.9,959,13.9,25.2,2.84,11.4,2.32,0.77,2.21,0.35,2.07,0.43,1.32,0.22,1.59,0.28,2.4,0.3,2.38,1.54
Au-rich PCDs,Oyu Tolgoi Cu-Au,60.23,0.56,17.84,5.8,0.05,1.56,3.43,4.33,4.15,0.28,101,876,25.2,170,7.7,829,17.4,37,4.97,18.2,4.27,1.32,4.18,0.68,3.99,0.8,2.42,0.36,2.37,0.38,4.3,0.42,3.39,2
Au-rich PCDs,Oyu Tolgoi Cu-Au,65.13,0.31,16.01,2.91,0.04,0.56,2.41,4.18,4.87,0.11,94,514,14.4,105,5.6,971,13.2,24.4,2.93,10.2,2.18,0.73,2.09,0.34,2.11,0.45,1.43,0.23,1.5,0.24,2.7,0.29,2.32,1.64
Au-rich PCDs,Almalyk Cu-Au,69.65,0.17,10.51,9.1,0.04,0.89,0.45,0.77,6.67,0.14,139,139,9.6,101,1.79,647,5.24,10.93,1.59,7.03,1.68,0.44,1.6,0.26,1.61,0.33,0.9,0.13,0.87,0.13,2.92,0.21,10.8,2.16
Au-rich PCDs,Almalyk Cu-Au,66.55,0.28,14.07,4.73,0.09,1.09,0.97,0.96,7.16,0.17,180,137,10.3,131,5.63,766,12.51,20.43,2.45,9.89,2.19,0.64,1.99,0.29,1.66,0.33,0.92,0.14,0.91,0.14,4.05,0.56,21.5,4.23
Au-rich PCDs,Almalyk Cu-Au,65.53,0.3,14.25,5.66,0.05,1.3,1.79,2.67,5.79,0.19,130,349,13.4,143,7.5,482,24.17,42.42,4.79,17.86,3.35,0.81,2.85,0.4,2.21,0.46,1.35,0.21,1.4,0.22,4.2,0.64,19.3,6.66
Au-rich PCDs,Almalyk Cu-Au,61.12,0.58,15.72,5.68,0.12,2.65,4.01,3.37,4.18,0.25,122,580,20,179,10.6,1594,37.75,69.39,8.07,30.53,5.38,1.2,4.63,0.65,3.65,0.74,2.04,0.32,2.09,0.32,5.14,0.85,19.5,6.73
Au-rich PCDs,Almalyk Cu-Au,60.49,0.58,15.75,5.65,0.1,2.72,4.43,3.75,3.84,0.25,95,468,18.8,178,10,1326,36.59,67.78,7.86,29.44,5.15,1.18,4.68,0.65,3.59,0.71,1.97,0.3,1.89,0.29,5.01,0.78,19.3,6.63
Au-rich PCDs,Almalyk Cu-Au,58.49,0.6,15.06,6.29,0.12,3.28,5.53,3.19,3.77,0.27,86,556,18.5,153,9.5,1570,36.02,66.55,7.88,30.19,5.24,1.27,4.92,0.67,3.53,0.7,1.92,0.3,1.97,0.29,4.5,0.77,17.6,6.32
Au-rich PCDs,Almalyk Cu-Au,60.18,0.61,15.8,5.69,0.1,2.74,4.13,3.69,4,0.25,108,508,20.2,183,11.7,1514,39.31,70.71,8.33,31.76,5.56,1.24,4.87,0.7,3.89,0.77,2.1,0.33,2.11,0.33,5.41,0.87,21.7,7.15
Au-rich PCDs,Almalyk Cu-Au,60.47,0.55,14.71,8.66,0.05,2.9,1.35,1.33,7.53,0.48,181.46,251.35,21.48,117.96,11.19,917.52,15.01,34.92,5.01,20.85,4.77,1.07,4.55,0.68,3.58,0.75,1.94,0.26,1.71,0.32,4.56,0.53,10.94,1.96
Au-rich PCDs,Almalyk Cu-Au,55.68,0.58,14.88,9.08,0.05,2.96,1.29,1.47,7.68,0.4,175.24,276.47,21.13,111.01,11.01,930.62,14.47,34.41,4.73,20.38,4.99,1.17,4.21,0.61,3.59,0.67,1.88,0.27,1.77,0.27,3.87,0.47,7.21,1.26
Au-rich PCDs,Almalyk Cu-Au,57.16,0.5,15.14,9.18,0.07,3,1.29,0.39,8.32,0.41,193.24,205.8,19.54,60.99,8.19,1001.53,14.12,34.04,4.85,19.89,4.86,1.11,4.54,0.63,3.5,0.71,1.8,0.24,1.69,0.25,2.43,0.4,5.25,3.9
Au-rich PCDs,Almalyk Cu-Au,69.83,0.22,12.87,1.78,0.05,0.79,0.94,0.29,8.76,0.06,210.63,109.82,21.77,143.09,8.11,732.54,21.57,42.63,5.13,18.57,3.96,0.77,3.92,0.61,3.39,0.78,2.08,0.32,1.99,0.29,4.66,1.05,14.74,6.36
Au-rich PCDs,Almalyk Cu-Au,65.92,0.28,14.17,4.41,0.06,1.14,1.25,1.97,7,0.18,159,223,13,132,8.62,657,13.73,26.72,3.51,13.89,2.97,0.75,2.52,0.38,2.2,0.44,1.21,0.18,1.2,0.19,4.14,0.89,23.1,4.18
Au-rich PCDs,Almalyk Cu-Au,64.19,0.29,13.51,8.1,0.09,1.47,1.22,2.28,6.18,0.18,142,233,13.3,131,6.37,453,18.54,33.25,4.13,15.85,3.14,0.75,2.76,0.42,2.3,0.46,1.25,0.19,1.27,0.2,4.02,0.63,18.4,5.26
Au-rich PCDs,Cobre Panama Cu-Mo-Au,63.71,0.47,16.04,4.82,0.17,1.84,5.21,4.07,1.7,0.18,26.7,448.8,14.5,106.4,7.5,956,17.9,31.4,3.61,14.1,2.66,0.79,2.55,0.41,2.25,0.53,1.42,0.23,1.47,0.25,2.7,0.5,3.3,1.2
Au-rich PCDs,Cobre Panama Cu-Mo-Au,64.94,0.37,15.33,5.15,0.45,1.49,4.01,3.45,1.71,0.15,41.7,534.8,12.1,91.2,8.5,790,22.3,39.9,4.57,15.6,2.57,0.77,2.3,0.35,1.96,0.42,1.3,0.22,1.49,0.24,2.8,0.4,3.2,1.9
Au-rich PCDs,Cobre Panama Cu-Mo-Au,57.11,0.71,16.64,7.69,0.18,3.02,5.98,3.39,2.26,0.24,45.8,577,17.6,89.9,5.9,802,14,26.2,3.26,13.4,2.87,0.97,3.14,0.49,3.12,0.56,1.87,0.28,1.77,0.29,2.6,0.5,2.2,0.9
Au-rich PCDs,Cobre Panama Cu-Mo-Au,66.04,0.33,16.13,4.68,0.06,1.43,3.89,3.96,1.69,0.15,31.6,641.9,10.5,104.2,7.8,759,19.4,31.6,3.68,13.5,2.3,0.67,2.12,0.32,1.84,0.39,1.17,0.2,1.37,0.21,2.6,0.5,3.3,1.1
Au-rich PCDs,Cobre Panama Cu-Mo-Au,65.07,0.41,15.98,5.57,0.24,1.52,3.61,3.59,1.64,0.16,40,561.6,12.3,99.1,6.3,923,14.8,26.4,2.99,11.7,2.08,0.73,2.03,0.33,2.04,0.45,1.32,0.21,1.56,0.23,2.5,0.3,2.1,0.7
Au-rich PCDs,Cobre Panama Cu-Mo-Au,66.11,0.41,16.74,2.38,0.25,2.64,4.19,3.6,0.83,0.2,27.6,616.5,5.1,99.1,5.8,592,4.7,7.1,0.67,2.2,0.48,0.4,0.64,0.11,0.68,0.16,0.57,0.09,0.79,0.12,2.7,0.3,3,1.8
Au-rich PCDs,Cobre Panama Cu-Mo-Au,57.7,0.55,17.17,7.57,0.32,2.89,6.69,3.36,0.71,0.22,13.6,666,12.3,75.8,5.9,622,15.9,26.9,3.19,13.6,2.46,0.73,2.34,0.36,2.23,0.5,1.33,0.21,1.34,0.2,2.1,0.4,3.1,0.9
Au-rich PCDs,Cobre Panama Cu-Mo-Au,60.95,0.55,16.24,5.9,0.34,2.32,3.81,4.01,2.73,0.2,58.7,423.2,14,88.4,6,1017,15.1,28.3,3.33,14.4,2.69,0.78,2.54,0.39,2.28,0.48,1.59,0.22,1.54,0.23,2.7,0.4,2.8,1.2
Au-rich PCDs,Cobre Panama Cu-Mo-Au,64.47,0.4,15.84,5.47,0.14,1.93,3.25,4.13,1.21,0.17,37.1,463.8,10.7,106,4.1,563,8.3,14.1,1.9,6.9,1.7,0.55,1.93,0.34,1.78,0.39,1.16,0.17,1.36,0.19,2.8,0.3,3.4,1
Au-rich PCDs,Cobre Panama Cu-Mo-Au,62.28,0.52,15.01,5.67,0.2,2.19,5.33,2.13,3.65,0.16,78.2,487.9,13.8,118.4,6.9,1395,14.7,24.6,2.85,11.5,2.33,0.72,2.38,0.41,2.1,0.51,1.53,0.25,1.52,0.25,3.2,0.4,2.9,1
Au-rich PCDs,Cobre Panama Cu-Mo-Au,62.35,0.55,16.86,6.4,0.07,2.34,4.03,3.25,0.92,0.2,22.8,592.7,15,103.9,6.1,465,14.4,27.2,3.6,14.2,3,0.93,2.97,0.46,2.49,0.49,1.44,0.22,1.39,0.24,3,0.3,2.9,1
Au-rich PCDs,Atlas Cu-Au,59.55,0.45,16.05,5.65,0.1,3.21,4.54,3.96,2.66,0.17,36.9,938,13.7,109,3.5,0.09,20.8,41.1,4.8,18.2,3.39,1.05,2.91,0.4,2.36,0.47,1.44,0.22,1.55,0.24,2.9,0.3,4.53,0.95
Au-rich PCDs,Atlas Cu-Au,60.97,0.48,16.78,5.99,0.09,2.93,4.52,3.64,2.48,0.18,33.4,881,12.8,125,3.6,0.08,21.9,41.8,4.46,17.2,3.13,1.02,2.55,0.34,2.2,0.45,1.38,0.21,1.41,0.23,3.2,0.2,3.86,0.8
Au-rich PCDs,Atlas Cu-Au,59.11,0.54,16.59,6.68,0.09,3.84,3.98,4.36,2.2,0.2,43.7,752,13.9,91,2.8,0.06,18.4,36.7,4.11,16,3.18,1.06,2.87,0.39,2.32,0.48,1.41,0.22,1.46,0.23,2.5,0.2,3.08,0.69
Au-rich PCDs,Atlas Cu-Au,59.16,0.47,16.96,5.36,0.07,2.94,5.23,4.11,1.42,0.18,18.6,981,13.2,91,3.5,317,15.5,32,3.75,15.3,2.94,0.9,2.51,0.38,2.28,0.47,1.37,0.21,1.46,0.24,2.5,0.2,3.53,0.55
Au-rich PCDs,Atlas Cu-Au,59.71,0.46,17.16,6.39,0.08,2.91,5.52,4.07,0.89,0.18,12.5,729,11.8,96,3.4,265,13.9,27.8,3.29,12.8,2.53,0.89,2.3,0.34,2.02,0.43,1.28,0.19,1.38,0.24,2.8,0.2,3.62,0.51
Au-rich PCDs,Atlas Cu-Au,60.46,0.44,16.97,6.28,0.09,3.13,5.71,3.95,0.77,0.18,9.6,642,11.1,89,3,279,13.1,26.6,3.13,12.7,2.57,0.9,2.33,0.31,1.86,0.41,1.21,0.18,1.29,0.22,2.4,0.2,2.61,0.37
Au-rich PCDs,Atlas Cu-Au,58.92,0.49,17.04,6.12,0.1,3.08,5.71,3.12,0.97,0.18,16.6,543,13.2,88,3.6,204,17.3,35.8,4.09,15.1,2.96,1.01,2.53,0.38,2.23,0.49,1.41,0.2,1.36,0.23,2.5,0.2,3.65,0.63
Au-rich PCDs,Atlas Cu-Au,59.31,0.48,17.12,5.89,0.07,3.02,5.75,3.3,1.06,0.18,14.4,626,12.7,97,3.5,310,16.6,32.8,3.76,14.9,2.96,1,2.48,0.37,2.2,0.49,1.4,0.22,1.46,0.24,2.8,0.2,3.66,0.85
Au-rich PCDs,Atlas Cu-Au,59.15,0.42,16.78,7.56,0.09,3.09,5.22,4.17,0.73,0.18,9.5,606,10.8,97,2.7,279,13.1,26,3.16,12.4,2.46,0.81,2.21,0.31,1.81,0.38,1.12,0.18,1.27,0.2,2.5,0.2,2.66,0.36
Au-rich PCDs,Atlas Cu-Au,59.75,0.43,16.2,7.65,0.09,3.07,5.15,4.02,0.67,0.17,8.9,609,10.9,97,2.9,262,12.9,25.5,3.07,12.1,2.26,0.9,2.18,0.3,1.8,0.41,1.16,0.17,1.27,0.22,2.5,0.2,3.14,0.41
Au-rich PCDs,Atlas Cu-Au,57.88,0.43,16.56,8.92,0.1,3.27,4.96,4.31,0.63,0.19,8.4,605,10.7,98,2.6,248,12.2,25.2,2.87,11.2,2.29,0.77,2,0.3,1.7,0.36,1.13,0.17,1.22,0.21,2.6,0.2,3.06,0.34
Au-rich PCDs,Atlas Cu-Au,59.67,0.47,17,6.08,0.08,3.08,5.21,4.01,1.59,0.18,20.4,960,14.2,90,3.3,396,15.1,30.9,3.79,14.7,3.09,0.97,2.76,0.4,2.33,0.51,1.43,0.22,1.59,0.26,2.5,0.2,3.55,0.6
Au-rich PCDs,Atlas Cu-Au,58.33,0.49,17.08,6.15,0.09,3.15,4.86,3.45,1.88,0.18,34.3,579,13.3,98,3.5,323,18.7,37.1,4.18,16,3.18,1.01,2.63,0.39,2.37,0.49,1.44,0.22,1.51,0.24,2.8,0.2,3.09,0.62
Au-rich PCDs,Atlas Cu-Au,59.15,0.46,17.1,6.03,0.12,3.08,4.88,3.61,1.87,0.16,32.9,586,12.1,97,3.2,343,17.3,33.9,3.72,14.1,2.66,1,2.32,0.36,2.03,0.44,1.29,0.19,1.31,0.22,2.6,0.2,3.11,0.61
Au-rich PCDs,Altar region Cu-Au,64.12,0.69,18.62,3.53,0.03,1.2,2.2,5.28,1.61,0.08,59.9,837.4,9.1,147.6,4.8,484,21.5,45.2,5.4,21.1,3.45,0.89,2.3,0.3,1.54,0.24,0.72,0.11,0.67,0.09,4,0.3,3.3,1
Au-rich PCDs,Altar region Cu-Au,64.25,0.69,18.54,3.64,0.03,1.28,2.17,5.45,1.54,0.07,58.8,799.7,6.7,135.9,4.6,421,21.6,44.5,5.28,20.5,2.93,0.86,1.98,0.26,1.28,0.23,0.66,0.09,0.66,0.08,3.6,0.3,3,1
Au-rich PCDs,Altar region Cu-Au,63.82,0.58,16.74,3.79,0.6,1.35,1.5,5,2.72,0.18,44.9,522.1,5,104.9,4.5,797,11.9,26.8,3.41,13.7,2.42,0.72,1.63,0.2,1.07,0.16,0.5,0.07,0.51,0.08,3,0.4,3.1,1.2
Au-rich PCDs,Altar region Cu-Au,63.26,0.67,17.94,3.75,0.09,1.41,3.6,5.65,1.63,0.23,35.7,905.4,7.9,127.2,4.8,552,19.6,41.9,5.22,21.1,3.51,0.98,2.42,0.31,1.55,0.27,0.72,0.1,0.67,0.1,3.4,0.3,3,1.1
Au-rich PCDs,Altar region Cu-Au,63.55,0.66,17.84,3.54,0.05,1.38,4.22,5.47,1.8,0.24,43.5,1019.5,7.2,141.3,5.4,561,19.5,42.2,5.49,22.3,3.53,0.99,2.25,0.28,1.28,0.23,0.59,0.08,0.58,0.09,3.6,0.4,3.3,1.1
Au-rich PCDs,Batu Hijau Cu-Au,65.86,0.43,15.97,4.48,0.11,2.34,5.52,3.88,1.03,0.37,18,407,10,64,2.2,570,8.1,16.9,2.05,8.65,1.99,0.68,1.96,0.32,1.73,0.34,1.04,0.16,1.09,0.17,2.1,0.17,1.75,0.49
Au-rich PCDs,Batu Hijau Cu-Au,65.87,0.44,15.98,4.94,0.13,2.39,5.35,3.57,0.67,0.15,12,406,10,70,2,407,8.42,18.3,2.2,9.11,2.07,0.72,2.2,0.33,1.85,0.38,1.13,0.16,1.06,0.19,1.9,0.13,1.74,0.46
Au-rich PCDs,Batu Hijau Cu-Au,67.76,0.3,16.08,3.52,0.05,1.39,3.58,5.01,0.75,0.2,16,446,10,63,1.3,680,8,18,2.19,9.48,1.97,0.61,1.91,0.28,1.62,0.33,1.04,0.17,1.14,0.2,2.5,0.16,2.12,0.55
Au-rich PCDs,Kounrad Cu-Au,67.48,0.41,15.81,3.59,0.08,1.39,2.02,4.27,2.01,0.15,60.2,357,8.93,74.6,4.98,502,17.6,36.2,4.37,16.9,2.9,0.75,2.04,0.33,1.67,0.29,0.87,0.14,1.02,0.14,2.45,0.45,6.42,2.16
Au-rich PCDs,Kounrad Cu-Au,67.54,0.43,16.08,2.8,0.05,1.46,2.16,4.7,2.16,0.15,60.5,670,9.83,95.7,4.92,711,20.7,40.9,4.99,19.1,3.29,0.92,2.48,0.37,1.84,0.34,0.99,0.16,1.02,0.15,3.08,0.44,7.47,1.99
Au-rich PCDs,Kounrad Cu-Au,66.1,0.45,17.53,2.43,0.06,1.58,3.44,2.93,3.4,0.16,88.9,211,8.25,92.8,4.65,507,12.2,26.2,3.39,12.2,2.27,0.5,1.71,0.3,1.52,0.28,0.85,0.14,0.97,0.15,2.92,0.42,7.35,2.11
Au-rich PCDs,Kounrad Cu-Au,65.24,0.5,16.56,4.39,0.08,1.82,1.23,4.71,2.42,0.19,29.4,487,12.1,100.5,4.81,595,15.9,31.7,4.4,17.6,3.38,0.85,2.57,0.38,1.99,0.39,1.16,0.16,1.17,0.17,3.15,0.91,7.02,2.17
Au-rich PCDs,Kounrad Cu-Au,65.9,0.54,16.18,4.96,0.19,1.91,1.63,4.16,1.94,0.2,47.67,584.2,11.54,138.7,5.79,659.7,19.98,40.2,5.04,18.58,3.47,0.91,2.73,0.38,2.13,0.41,1.09,0.16,1.07,0.16,4.05,0.5,6.88,2.36
Au-rich PCDs,Pulang Cu-Au,59.8,0.69,14.45,7.41,0.03,3.67,2.54,2.84,5.48,0.41,234,690,17.2,141,12.2,1980,39.1,73.8,8.41,30.9,5.52,1.72,4.71,0.72,3.21,0.61,1.68,0.23,1.42,0.23,3.62,0.81,14.7,3.81
Au-rich PCDs,Pulang Cu-Au,63.5,0.58,13.9,4.87,0.07,2.56,4.07,2.69,5.08,0.41,153,772,16.2,123,13.4,1440,33.4,64.2,7.45,27.8,4.88,1.36,4.08,0.62,2.98,0.57,1.61,0.23,1.45,0.22,3.56,0.97,16.8,4.17
Au-rich PCDs,Pulang Cu-Au,68.4,0.51,12.4,4.37,0.01,1.92,1.02,2.26,5.65,0.32,123,834,17.8,141,12.3,1970,34.8,73.4,8.01,30,5.87,1.55,5.03,0.72,3.34,0.65,1.75,0.25,1.49,0.23,3.56,0.81,13.1,2.68
Au-rich PCDs,Pulang Cu-Au,64.5,0.53,16.2,3.91,0.07,1.92,3.73,4.31,3.28,0.21,89.2,1210,13.1,218,13.1,1240,39.5,73.6,8.1,28.2,4.6,1.16,3.21,0.52,2.19,0.48,1.3,0.19,1.24,0.19,5.51,0.89,13.9,3.46
Au-rich PCDs,Pulang Cu-Au,65.4,0.51,15.25,3.93,0.02,1.94,3.56,3.89,3.64,0.25,100,972,13.4,169,10.4,1110,38.6,69.7,7.48,26.3,4.32,1.08,3.21,0.51,2.48,0.49,1.38,0.2,1.27,0.2,4.32,0.72,14.2,3.55
Au-rich PCDs,Pulang Cu-Au,66.3,0.49,13.9,4.24,0.04,2.04,2.62,2.96,5.19,0.34,152,655,16.3,147,13.4,1200,27.8,55.5,6.36,23.6,4.74,1.15,3.58,0.6,2.94,0.58,1.65,0.25,1.51,0.24,4.21,1.08,20.5,3.35
Au-rich PCDs,Pulang Cu-Au,65.3,0.54,13.65,4.25,0.05,2.28,3.52,3.43,4.5,0.36,150,644,14.9,135,13.6,946,30.7,59.1,6.77,25.1,4.64,1.12,3.71,0.58,2.74,0.53,1.47,0.22,1.35,0.21,3.92,1.03,20.5,6.39
Au-rich PCDs,Pulang Cu-Au,66,0.5,15.9,3.5,0.05,2.3,4,3.9,3.6,0.2,110,1213,14,171,8.4,1532,25.5,49,5.41,20.6,3.79,1.03,2.93,0.41,2.24,0.42,1.29,0.19,1.27,0.2,4.2,0.9,9.16,2.72
Au-rich PCDs,Pulang Cu-Au,64,0.5,15.3,5.7,0.04,1.7,3.5,3.6,3.5,0.2,79,1003,13,171,9.6,1386,32.1,59.5,6.3,23,4.09,1.25,3.38,0.45,2.53,0.48,1.46,0.22,1.45,0.22,4.6,1.11,12.4,3.65
Au-rich PCDs,Pulang Cu-Au,59,0.7,14.3,9.9,0.1,3.4,5.2,2.7,4,0.4,96,948,15,169,10.6,2058,37.7,71.6,7.84,29.9,6.16,1.54,5.09,0.63,3.34,0.6,1.66,0.23,1.59,0.24,4.2,1.13,13.1,3.51
Au-rich PCDs,Pulang Cu-Au,60,0.7,14.4,7.2,0.08,3.8,5.2,2.8,4,0.4,127,856,17,171,10.3,2194,39.3,73.8,8.07,31.1,6.03,1.83,5.11,0.67,3.42,0.63,1.76,0.24,1.5,0.23,4,0.99,12.4,3.3
Au-rich PCDs,Pulang Cu-Au,63,0.5,15.2,7,0.07,2.2,3.7,3.3,4.3,0.2,86,1403,13,178,9.3,2279,49.5,90.7,9.36,33.7,5.16,1.44,3.73,0.47,2.36,0.45,1.35,0.2,1.23,0.18,4.5,1.03,13.6,3.3
Au-rich PCDs,Pulang Cu-Au,64,0.7,15.5,3.2,0.02,3,2.3,3.8,4.3,0.3,166,852,14,168,9.5,1145,23.3,47.5,5.5,22.1,4.3,1.18,3.7,0.51,2.62,0.48,1.39,0.21,1.32,0.2,4.4,1.11,10.3,2.23
Au-rich PCDs,Pulang Cu-Au,66,0.6,14.2,5.5,0.04,2.3,3.9,3,4.6,0.3,127,755,15,144,12.3,1080,31.1,62.4,6.95,27,4.89,1.36,4.18,0.54,2.87,0.53,1.52,0.23,1.45,0.22,3.9,1.36,17.5,5.62
Au-rich PCDs,Pulang Cu-Au,64,0.6,14.1,6.1,0.06,2.5,3.9,3.3,4.5,0.4,122,816,15,169,12.2,1432,32.3,66.2,7.41,28.1,5.3,1.44,4.27,0.61,3.14,0.59,1.67,0.23,1.5,0.24,4.5,1.3,14.2,2.97
Au-rich PCDs,Pulang Cu-Au,64,0.6,14.2,6.2,0.07,2.6,3.9,2.7,4.7,0.5,137,719,14,177,13.6,1289,31.4,61.1,6.8,26.6,5.1,1.4,4.47,0.59,3.2,0.58,1.56,0.23,1.56,0.23,4.9,1.7,16.5,2.72
Au-rich PCDs,Pulang Cu-Au,66,0.6,13.7,4.8,0.05,2.5,3.4,2.9,4.7,0.4,157,598,16,180,12.7,798,35.6,67.4,7.32,27.5,5.13,1.19,4.28,0.58,3.06,0.57,1.65,0.24,1.47,0.24,4.8,1.51,19.6,1.51
Au-rich PCDs,Pulang Cu-Au,66.5,0.5,15,4.3,0.02,2.1,2.6,4,3.4,0.2,110,945,13,164,8.9,1070,26.1,49.5,5.44,20.1,3.9,0.99,2.84,0.39,2.2,0.41,1.2,0.17,1.14,0.18,4,0.93,11.3,4.51
Au-rich PCDs,Pulang Cu-Au,66.05,0.48,14.69,3.66,0.04,1.97,2.75,3.83,4.37,0.28,97.7,811,12.2,167,10.8,985,23.1,44.2,4.97,18.6,3.5,0.93,2.81,0.4,2.18,0.4,1.19,0.17,1.12,0.16,4.64,0.82,16.7,3.24
Au-rich PCDs,Pulang Cu-Au,66.38,0.5,14.52,3.67,0.05,2,3.11,3.61,4.17,0.28,104,774,13,167,10.6,912,24.6,46.9,5.25,19.9,3.75,0.98,3.01,0.43,2.29,0.42,1.22,0.17,1.14,0.17,4.58,0.84,16.1,2.81
Au-rich PCDs,Pulang Cu-Au,66.87,0.46,14.53,3.35,0.04,1.79,2.91,3.35,4.57,0.3,93.2,803,10.5,134,9.16,1417,21.3,40.6,4.51,16.8,3.44,0.87,2.32,0.34,1.83,0.36,0.95,0.14,0.98,0.14,3.73,0.71,14.6,2.62
Au-rich PCDs,Pulang Cu-Au,66.82,0.5,14.59,3.83,0.02,2.08,2.85,2.96,4.25,0.32,106,853,10.8,181,9.68,1107,16.3,31.5,3.62,14.3,2.82,0.83,2.24,0.32,1.83,0.32,0.99,0.14,0.9,0.15,4.82,0.74,14.1,2.86
Au-rich PCDs,Pulang Cu-Au,65.51,0.52,15.36,3.61,0.03,2.14,2.96,3.58,3.58,0.28,85.2,908,13.1,170,10.7,1240,19.5,38.7,4.61,18.4,3.71,0.92,3.02,0.42,2.39,0.43,1.15,0.17,1.27,0.17,4.6,0.84,14.3,3.19
Au-rich PCDs,Pulang Cu-Au,65.57,0.5,15.18,3.4,0.02,2.09,3.13,3.9,3.66,0.34,101,898,14.8,161,10,1026,33.1,62.7,6.92,25.5,4.45,1.32,3.49,0.48,2.66,0.5,1.38,0.19,1.32,0.2,4.44,0.74,15.1,4.32
Au-rich PCDs,Pulang Cu-Au,67.82,0.54,14.15,4.16,0.02,2.03,1.76,3.11,4.84,0.39,173,668,14.7,167,11.7,761,21.2,42.8,4.92,19.4,3.95,0.99,3.29,0.47,2.57,0.49,1.28,0.19,1.31,0.19,4.61,0.94,17.1,1.67
Au-rich PCDs,Pulang Cu-Au,65.29,0.57,14.58,3.68,0.03,2.36,2.97,3.56,4.84,0.38,165,652,14.6,172,12.4,959,29.1,55.2,6.15,22.9,4.32,1.12,3.51,0.49,2.69,0.47,1.38,0.2,1.42,0.19,4.72,0.98,18.5,3.91
Au-rich PCDs,Pulang Cu-Au,66.23,0.77,14.8,2.13,0.01,3.77,2.96,4.12,2.29,0.52,202,704,16.1,189,12.1,157,13.2,32.7,4.39,18.9,4.19,1.03,3.88,0.55,2.97,0.57,1.56,0.22,1.52,0.21,4.85,0.84,15.3,3.84
Au-rich PCDs,Bozshakol Cu-Au,66.65,0.36,17.38,3.64,0.03,1.18,2.29,4.18,2.18,0.16,34.7,569,9.33,94.9,6.73,516,15.7,26.6,3.03,12,2.22,0.82,1.93,0.34,1.67,0.29,0.9,0.14,0.92,0.14,2.17,0.35,2.3,1.08
Au-rich PCDs,Bozshakol Cu-Au,69.26,0.35,16.79,2.31,0.03,1.4,1.62,4.84,1.51,0.15,30.5,565,12.1,95.4,5.94,308,20.8,34.1,4.02,14.8,2.92,1.17,2.83,0.38,2.05,0.4,1.23,0.19,1.25,0.19,2.97,0.36,3,0.61
Au-rich PCDs,Bozshakol Cu-Au,66.93,0.33,15.87,2.33,0.07,1.49,2.71,4.56,2.14,0.16,45.5,256,15,113,5.8,319,14.2,25,2.86,12.3,2.54,0.77,2.06,0.36,2.29,0.45,1.37,0.21,1.54,0.23,2.97,0.43,3.17,0.85
Au-rich PCDs,Bozshakol Cu-Au,67.95,0.33,14.86,2.48,0.08,1.39,2.97,4.15,2.04,0.16,43.6,224,13.5,94.2,5.24,283,12.6,22.4,2.46,10.5,2.6,0.79,1.92,0.34,2.15,0.43,1.24,0.22,1.4,0.2,2.93,0.34,2.85,0.84
Au-rich PCDs,Bozshakol Cu-Au,75.22,0.27,13.99,0.79,0.02,0.76,0.42,3.75,3.27,0.02,35.5,238,9.88,91.4,5.23,934,10.6,19.8,2.18,8.59,1.86,0.59,1.64,0.32,1.63,0.34,0.94,0.14,0.94,0.17,2.87,0.32,3.45,0.86
Au-rich PCDs,Bozshakol Cu-Au,72.41,0.31,14.55,1.65,0.02,0.97,0.66,4.09,3.42,0.14,48.5,226,17.6,81.8,5.46,752,21.8,43.9,5.24,19.9,4.04,1.34,3.22,0.53,3.04,0.54,1.54,0.23,1.55,0.24,2.74,0.36,3.19,0.75
Au-rich PCDs,Bozshakol Cu-Au,73.13,0.31,14.12,1.71,0.02,1.26,0.71,3.75,3.02,0.17,52.2,216,13.9,91.7,5.76,718,16.9,29.2,3.14,13.4,2.74,0.91,2.8,0.37,2.37,0.42,1.17,0.18,1.11,0.18,2.88,0.31,2.84,0.57
Au-rich PCDs,Nurkazghan Cu-Au,67.19,0.37,15.99,2.25,0.09,0.67,1.88,2.43,6.16,0.17,145,134,16.5,115,6.54,537,17.2,29,3.22,12.5,2.69,0.71,2.53,0.46,2.78,0.52,1.51,0.25,1.67,0.31,3.54,0.48,4.23,2.93
Au-rich PCDs,Nurkazghan Cu-Au,65.15,0.39,15.28,4.56,0.07,1.17,3.27,3.61,3.78,0.17,67.4,556,15.3,132,6.66,760,13,25,3.12,12.2,2.69,0.92,2.3,0.43,2.4,0.45,1.44,0.23,1.63,0.25,3.6,0.47,4.36,1.44
Au-rich PCDs,Nurkazghan Cu-Au,52.78,0.71,17.66,9.89,0.44,3.68,6.5,3.45,1.08,0.34,24.7,553,23,111,4,281,13.9,27.6,3.75,16.8,4.02,1.5,3.49,0.64,3.89,0.79,2.21,0.35,2.08,0.38,3.22,0.47,1.77,0.85
Au-rich PCDs,Nurkazghan Cu-Au,57.98,0.54,17.18,7.8,0.1,1.87,5.45,4.91,1.23,0.3,45.2,634,17.8,124,6.35,304,24.2,45.7,5.04,17.9,3.76,1.52,3.21,0.49,3.14,0.6,1.83,0.29,1.85,0.31,3.61,0.47,3.87,3.02
Au-rich PCDs,Nurkazghan Cu-Au,57.97,0.57,16.66,7.29,0.18,1.86,4,4.15,3.78,0.28,70.8,522,23,172,6.88,765,24.2,45,4.13,17,4.28,1.37,3.55,0.66,3.98,0.72,2.33,0.36,2.5,0.34,4.66,0.47,3.55,3.63
Au-rich PCDs,Nurkazghan Cu-Au,62.79,0.42,16.1,5.06,0.03,1.25,3.74,3.88,3.77,0.19,87.4,458,15.9,115,6.56,815,12.6,21.7,2.55,11.1,2.47,0.91,2.18,0.36,2.67,0.5,1.57,0.25,1.7,0.28,3,0.47,4.33,1.73
Au-rich PCDs,Nurkazghan Cu-Au,64.67,0.4,15.83,4.81,0.05,1.27,1.94,3.55,4.4,0.18,116,429,18.4,106,7.97,712,16.9,38.7,4.06,18.9,3.72,1.18,3.53,0.57,3.33,0.64,1.9,0.3,2.08,0.32,3.55,0.47,6.52,2.37
Au-rich PCDs,Schaft Creek Cu-Mo-Au,64.92,0.45,16.19,4.02,0.4,1.73,3.64,4.6,2.81,0.17,53,602,12,113,4.2,1014,13.81,26.7,3.19,12.37,2.78,0.825,2.41,0.39,2.14,0.42,1.22,0.196,1.33,0.2,3.4,0.4,5.04,2.65
Au-rich PCDs,Schaft Creek Cu-Mo-Au,65.98,0.438,15.63,3.01,0.07,1.65,2.88,5.44,2.01,0.16,46,453,12,118,4.6,761,13.57,27.6,3.2,12.16,2.65,0.781,2.24,0.37,2.17,0.41,1.22,0.197,1.34,0.21,3.2,0.4,4.95,3.07
Au-rich PCDs,Schaft Creek Cu-Mo-Au,67.14,0.431,15.71,3.52,0.11,1.45,3.44,4.45,2.97,0.15,71,572,12,124,4.7,1212,15,28.6,3.44,13.06,2.69,0.783,2.37,0.38,2.01,0.39,1.17,0.183,1.25,0.19,3.5,0.5,5.53,2.22
Au-rich PCDs,Schaft Creek Cu-Mo-Au,66.82,0.298,15.75,2.59,0.14,0.94,2.45,4.61,2.61,0.12,50,510,6,94,2.6,1022,9.65,17.7,2.04,7.45,1.62,0.529,1.37,0.21,1.1,0.22,0.66,0.103,0.7,0.12,2.6,0.2,3.37,1.26
Au-rich PCDs,Schaft Creek Cu-Mo-Au,66.21,0.342,15.95,2.72,0.16,1.13,2.85,5.09,2.61,0.13,48,796,10,105,3.5,1124,11.62,23.7,2.97,11.17,2.32,0.656,1.95,0.3,1.56,0.3,0.9,0.139,0.95,0.15,2.9,1.8,3.37,1.29
Au-rich PCDs,Schaft Creek Cu-Mo-Au,66.8,0.34,15.86,2.72,0,1.39,2.69,5.53,1.98,0.13,36,509,7,98,3,1339,9.4,19.1,2.38,9.36,2.04,0.619,1.75,0.26,1.37,0.27,0.78,0.122,0.82,0.13,2.8,0.3,2.91,1.45
Au-rich PCDs,Duobaoshan-Tongshan Cu-Au-Mo,65.32,0.3,15.38,3.79,0.05,1.65,3.65,4.01,2.68,0.13,41.9,602,8.5,98,4.9,447,14.1,27.8,3.13,12.2,2.34,0.64,1.87,0.27,1.48,0.31,0.92,0.14,0.99,0.17,2.9,0.4,3.59,1.84
Au-rich PCDs,Duobaoshan-Tongshan Cu-Au-Mo,65.38,0.34,15.76,3.62,0.03,1.58,3.18,3.41,3.25,0.15,58.4,617,9.3,112,4,513,13.5,27.1,3.36,12.8,2.54,0.74,2.09,0.3,1.64,0.34,0.98,0.15,1.06,0.18,2.9,0.29,2.89,1.13
Au-rich PCDs,Duobaoshan-Tongshan Cu-Au-Mo,64.13,0.35,15.64,4.45,0.03,1.82,3.31,3.51,2.96,0.14,55.2,492,8.8,95,4.1,444,13.5,26.7,3.23,12.3,2.42,0.77,2.03,0.29,1.65,0.33,0.96,0.16,1.1,0.17,2.6,0.31,2.43,1.02
Au-rich PCDs,Duobaoshan-Tongshan Cu-Au-Mo,64.45,0.32,15.55,3.85,0.04,1.78,3.25,3.78,2.91,0.12,48.6,578,8.9,110,4.2,482,13.6,26.8,3.25,12.6,2.37,0.68,1.96,0.28,1.52,0.32,0.97,0.15,1.08,0.17,2.8,0.35,2.75,1.23
Au-rich PCDs,Duobaoshan-Tongshan Cu-Au-Mo,65.11,0.33,15.68,4.2,0.05,1.59,3.42,3.85,3.12,0.13,52.1,523,9.2,99,4.5,472,13.8,27.5,3.3,12.5,2.48,0.71,2.01,0.3,1.61,0.31,0.95,0.14,1.09,0.18,2.7,0.38,3.25,1.56
Au-rich PCDs,Duobaoshan-Tongshan Cu-Au-Mo,71.49,0.17,15.28,0.82,0,0.39,0.22,4.43,3.96,0.07,35.2,259.78,2.92,80.48,3.02,534.94,4.73,9.16,1.25,5.09,0.97,0.36,0.77,0.11,0.62,0.13,0.37,0.06,0.39,0.06,2.19,0.13,0.94,0.36
Au-rich PCDs,Duobaoshan-Tongshan Cu-Au-Mo,69.93,0.2,15.43,1.36,0.05,0.59,2.63,3.46,3.62,0.06,37.4,260.62,4.73,90.69,3.41,471.56,8.01,14.47,1.94,7.64,1.41,0.42,1.11,0.16,0.94,0.19,0.52,0.08,0.54,0.09,2.43,0.16,0.95,0.74
Au-rich PCDs,Duobaoshan-Tongshan Cu-Au-Mo,66.32,0.2,17.87,1.64,0.04,0.96,1.92,3.87,3.59,0.06,38.07,344.84,5.69,102.09,3.64,374.28,5.7,10.42,1.39,5.16,1.13,0.35,1,0.16,0.96,0.21,0.59,0.1,0.68,0.11,2.7,0.14,1.13,0.65
Au-rich PCDs,Duobaoshan-Tongshan Cu-Au-Mo,71.94,0.19,14.55,1.39,0.02,0.37,1.13,3.77,4.17,0.08,36.14,196.22,2.83,82.43,2.89,787.39,6.27,11.56,1.49,5.92,1.09,0.41,0.87,0.12,0.64,0.12,0.33,0.05,0.35,0.06,2.22,0.12,1.13,0.49
Au-rich PCDs,Duobaoshan-Tongshan Cu-Au-Mo,69.89,0.18,15.38,0.56,0.03,0.36,2.69,5.21,2.28,0.06,23.07,353.87,2.79,84.03,3.07,315.83,5.9,10.07,1.4,5.49,1,0.3,0.75,0.1,0.56,0.12,0.35,0.06,0.4,0.07,2.29,0.14,1.07,0.59
Au-rich PCDs,Duobaoshan-Tongshan Cu-Au-Mo,70.37,0.21,16.4,1.28,0.01,0.42,1,4.97,3.28,0.07,39.15,185.18,2.19,94.13,3.58,562.88,7.68,13.78,1.87,7.26,1.26,0.35,0.89,0.11,0.55,0.1,0.31,0.05,0.35,0.06,2.56,0.17,1.19,0.82
Au-rich PCDs,Duobaoshan-Tongshan Cu-Au-Mo,63.91,0.38,15.62,5.03,0.1,1.98,5.71,4.7,1.13,0.16,12.2,784,10,100,5,268,13.3,26.4,3.36,12.8,2.74,0.85,2.24,0.33,1.89,0.38,1.08,0.17,1.14,0.2,2.7,0.35,3.07,1.4
Au-rich PCDs,Duobaoshan-Tongshan Cu-Au-Mo,63.5,0.35,15.95,5.26,0.09,1.41,6.56,4.53,1.74,0.15,7.6,1050,9.5,84,4.4,180,12.4,25.3,3.11,12.3,2.57,0.86,2.3,0.3,1.78,0.36,1.03,0.16,1.02,0.17,2.4,0.4,2.63,1.18
Au-rich PCDs,Duobaoshan-Tongshan Cu-Au-Mo,63.39,0.34,15.46,4.5,0.09,1.89,5.39,5.23,1.67,0.14,28.2,280,9.3,88,4.5,255,13.6,27.1,3.38,12.8,2.53,0.7,2.13,0.3,1.7,0.35,1,0.16,1.07,0.18,2.3,0.31,2.63,1.27
Au-rich PCDs,Duobaoshan-Tongshan Cu-Au-Mo,63.56,0.36,15.58,4.8,0.1,1.52,5.69,4.88,1.52,0.14,20.6,553,9.8,92,4.6,198,12.8,25.8,3.27,12.6,2.62,0.79,2.2,0.32,1.79,0.42,1.05,0.15,1.08,0.19,2.5,0.38,2.89,1.25
Au-rich PCDs,Duobaoshan-Tongshan Cu-Au-Mo,63.82,0.37,15.72,5.1,0.09,1.78,6.2,5.12,1.61,0.16,14.6,869,9.7,97,4.8,225,13,26.9,3.29,12.4,2.59,0.81,2.17,0.31,1.8,0.32,1.07,0.16,1.12,0.18,2.8,0.32,2.76,1.31
Au-rich PCDs,Duobaoshan-Tongshan Cu-Au-Mo,68.85,0.23,11.96,3.34,0.06,1.49,6.17,1,4.15,0.1,72.3,106,4.4,69,4,502,9.6,19.8,2.46,10,1.82,0.53,1.49,0.17,0.84,0.17,0.45,0.06,0.38,0.06,2,0.42,2.76,1.04
Au-rich PCDs,Duobaoshan-Tongshan Cu-Au-Mo,66.18,0.28,13.52,5.2,0.1,1.83,5.86,1.13,4.42,0.13,80.3,166.5,10.8,90,4.4,508,12.5,26.9,3.24,12.9,3.02,0.78,2.29,0.34,1.84,0.38,1.15,0.18,1.21,0.2,2.4,0.39,2.62,1.29
Au-rich PCDs,Duobaoshan-Tongshan Cu-Au-Mo,67.22,0.24,11.09,4.82,0.09,1.73,6.12,1.69,3.77,0.11,70.4,128,9.3,67,3.7,424,12.4,26.1,3.31,13.4,2.41,0.76,2.27,0.28,1.6,0.34,0.94,0.14,0.98,0.15,2,0.3,2.31,1.01
Au-rich PCDs,Duobaoshan-Tongshan Cu-Au-Mo,66.98,0.25,12.7,3.89,0.07,1.58,5.92,1.52,4.22,0.12,78.5,152,8.5,85,3.8,468,11.8,22.7,2.78,11.2,1.99,0.62,1.8,0.21,0.98,0.28,0.98,0.15,0.85,0.17,2.2,0.38,2.52,1.21
Au-rich PCDs,Duobaoshan-Tongshan Cu-Au-Mo,67.82,0.26,13.21,4.51,0.08,1.68,6.01,1.31,3.98,0.11,72.6,138,7.2,78,4.2,458,10.9,25.1,3.01,12.6,2.18,0.68,2.1,0.31,1.71,0.31,0.72,0.09,1.1,0.09,2.1,0.35,2.67,1.16
Au-rich PCDs,Duobaoshan-Tongshan Cu-Au-Mo,63.61,0.39,17.68,4.54,0.08,1.32,4.62,4.18,1.5,0.14,22.5,804,9.81,69.8,4.69,297,12.7,24.4,3.02,12.1,2.37,0.76,2.13,0.29,1.66,0.33,0.97,0.14,0.97,0.15,1.89,0.36,2.96,2.52
Au-rich PCDs,Duobaoshan-Tongshan Cu-Au-Mo,62.5,0.42,17.36,5.69,0.09,2.18,3.18,2.58,3.76,0.15,66.8,546,10.3,70.4,4.63,624,13.3,27.2,3.23,12.9,2.62,0.83,2.33,0.31,1.76,0.35,1.01,0.14,1.04,0.15,1.91,0.43,2.07,1.8
Au-rich PCDs,Duobaoshan-Tongshan Cu-Au-Mo,62.64,0.38,17.7,4.72,0.1,2.08,4,2.93,3.21,0.15,53.7,682,10.3,77.8,4.4,520,12.8,24.4,3.09,12.4,2.46,0.83,2.21,0.3,1.73,0.34,1.03,0.15,1,0.15,2.03,0.39,2.16,1.87
Au-rich PCDs,Koksai Cu-Au,70.94,0.44,16.35,1.85,0.02,1.08,0.28,1.78,3.76,0.09,46.8,153,4.65,51.3,5.09,497,10.2,19.2,2.29,8.26,1.37,0.38,1.09,0.16,0.83,0.15,0.52,0.08,0.62,0.1,1.75,0.46,5.46,1.58
Au-rich PCDs,Koksai Cu-Au,71.01,0.47,14.12,2.97,0.05,1.53,0.44,4.26,1.61,0.14,40.7,167,14.8,69.6,6.53,208,26.7,46.8,5.53,20.8,3.73,0.92,3.12,0.52,2.64,0.52,1.51,0.24,1.57,0.23,2.19,0.46,7.36,1.93
Au-rich PCDs,Koksai Cu-Au,67.79,0.45,15.34,2.47,0.03,1.75,1.32,4.23,3.52,0.19,72.4,141,6.75,65.2,7.52,782,11.3,21.4,2.52,8.8,1.54,0.5,1.4,0.24,1.23,0.22,0.69,0.11,0.74,0.11,2.26,0.64,5.91,2.75
Au-rich PCDs,Shaxi Cu-Au,55.9,0.59,17.5,5.76,0.03,2.92,5.43,4.56,1.77,0.35,35,1070,9.7,32.6,4.5,610,15.1,31.7,3.94,16.2,3.38,1.16,3.29,0.41,2.32,0.41,1.1,0.15,0.94,0.14,1.1,0.25,2.5,0.8
Au-rich PCDs,Shaxi Cu-Au,56.5,0.58,17.65,6.73,0.05,2.43,5.17,4.74,2.16,0.34,38.8,948,8.4,33.2,4.4,680,12.6,27.5,3.42,14.2,2.93,1.09,2.85,0.39,2.06,0.39,1.05,0.14,0.91,0.14,1,0.25,2.5,0.8
Au-rich PCDs,Shaxi Cu-Au,56.29,0.59,17.43,7.08,0.03,2.85,4.13,5.53,2.34,0.35,72.1,999,12.5,42.5,5.2,770,21.7,44.5,5.63,21.7,4.55,1.4,3.63,0.47,2.42,0.46,1.14,0.17,1,0.16,1.1,0.24,3.8,1.3
Au-rich PCDs,Shaxi Cu-Au,57.08,0.59,17.47,7.24,0.04,2.57,5.05,5.27,2.06,0.35,50.2,1010,11.6,38.5,4.6,720,16.6,36.4,4.49,18.4,3.83,1.35,3.38,0.44,2.46,0.47,1.26,0.17,1.05,0.16,1.1,0.32,3,1.1
Au-rich PCDs,Shaxi Cu-Au,56.87,0.59,17.61,8.1,0.04,2.53,4.18,5.18,2.26,0.36,65,977,11.7,42.4,4.7,740,16.2,35.9,4.51,18.4,3.88,1.45,3.4,0.45,2.45,0.48,1.26,0.17,1.03,0.17,1.1,0.24,2.9,1.1
Au-rich PCDs,Shaxi Cu-Au,57.34,0.6,17.78,6.64,0.04,3.04,4.99,5.12,1.67,0.36,32.2,947,10.4,41.2,4.6,540,14,30.4,3.74,15.6,3.35,1.09,3.02,0.41,2.26,0.43,1.15,0.16,0.93,0.15,1.1,0.25,2.6,0.9
Au-rich PCDs,Shaxi Cu-Au,55.73,0.58,17.32,7.5,0.03,2.65,4.14,5.66,2.12,0.35,58.5,884,10.8,38.8,4.5,580,15.8,34.3,4.21,17.2,3.55,1.33,3.16,0.42,2.31,0.43,1.16,0.16,0.96,0.15,1.1,0.24,2.8,1
Au-rich PCDs,Shaxi Cu-Au,57.13,0.6,17.64,7.27,0.04,2.58,5.07,5.22,2.17,0.35,72.3,1040,13.8,36.3,5.3,770,24.2,51.2,6.5,25.2,5.2,1.76,4.11,0.53,2.72,0.51,1.31,0.19,1.13,0.18,1.1,0.24,3.7,1.5
Au-rich PCDs,Shaxi Cu-Au,56.06,0.6,17.42,7.56,0.03,2.71,3.94,5.62,2.25,0.35,78.8,937,13.2,39.9,5.1,600,24.5,50.5,6.26,24,4.87,1.59,3.82,0.5,2.52,0.47,1.16,0.17,1.03,0.16,1.1,0.24,3.8,1.4
Au-rich PCDs,Xiongcun I Cu-Au,68.31,0.37,14.35,6.95,0.3,2.35,0.68,0.41,2.87,0.17,74.65,79.61,11.21,93.27,5.79,204.3,12.01,19.74,2.6,12.22,2.29,0.68,2.29,0.34,1.83,0.36,1.16,0.21,1.15,0.18,2.27,0.73,3.64,0.3
Au-rich PCDs,Xiongcun I Cu-Au,68.89,0.4,17.71,3.24,0.05,0.79,0.27,0.43,5.02,0.02,120,30.4,4.94,94.1,7.09,164,7.58,12.1,1.83,7.94,1.53,0.47,1.3,0.16,0.9,0.2,0.61,0.1,0.69,0.12,2.66,0.44,3.18,0.55
Au-rich PCDs,Xiongcun I Cu-Au,68.74,0.33,13.43,7.94,0.59,2.97,0.59,0.29,1.94,0.16,71.17,49.23,9.93,90.79,6.92,112.55,13.98,25.61,3.01,14.04,2.61,0.86,2.39,0.32,1.64,0.32,1.01,0.19,1.07,0.17,2.05,0.42,4.08,0.51
Au-rich PCDs,Xiongcun I Cu-Au,69.7,0.36,13.72,6.47,0.06,0.6,0.49,0.4,3.93,0.02,105.3,49.02,11.77,92.17,0.96,202.1,7.46,14.55,1.64,7.97,1.75,0.62,1.92,0.3,1.82,0.38,1.18,0.21,1.15,0.18,2.26,0.07,2.8,0.21
Au-rich PCDs,Xiongcun I Cu-Au,65.56,0.38,15.64,7.11,0.22,1.36,0.89,0.32,3.85,0.22,98.12,55.48,13.15,99.37,3.96,279.2,15.21,30.3,3.11,15.64,2.93,0.98,2.91,0.41,2.18,0.44,1.37,0.25,1.33,0.21,2.47,0.28,4.36,0.39
Au-rich PCDs,Xiongcun I Cu-Au,67.03,0.41,16.29,6.54,0.06,0.78,0.53,0.42,4.42,0.16,105.81,59.99,15.82,108.42,1.4,577.54,17.57,29.53,3.69,15.15,3.1,0.96,2.99,0.51,2.55,0.53,1.61,0.23,1.37,0.25,5.59,0.11,3.82,0.35
Cu-rich PCDs,Erdenet Cu-Mo,67.41,0.48,14.87,2.92,0.04,1.17,2.58,4.35,3.44,0.11,55.8,834,12.5,160,6.03,957,20.7,39.6,4.63,17.9,3.21,0.81,2.59,0.43,2.31,0.44,1.26,0.22,1.38,0.22,5.97,0.58,9.42,2.76
Cu-rich PCDs,Erdenet Cu-Mo,68.13,0.55,14.95,3.64,0.05,1.44,1.41,4.57,3.36,0.14,43.9,966,13.1,178,4.98,759,17.1,34.4,4.31,17.1,3.33,0.83,2.65,0.49,2.55,0.47,1.46,0.23,1.48,0.23,5.93,0.49,6.78,1.71
Cu-rich PCDs,Erdenet Cu-Mo,69.38,0.38,15.71,2.73,0.03,0.96,1.58,5.08,2.33,0.13,42.3,844,5.15,116,2.63,880,13.3,26.4,3.04,11.5,1.96,0.6,1.71,0.19,1,0.18,0.52,0.07,0.45,0.08,2.87,0.25,2.75,1.04
Cu-rich PCDs,Erdenet Cu-Mo,69.97,0.38,15.58,1.88,0.02,0.97,0.72,5.44,3.2,0.13,53,479,5.39,146,2.61,761,8.5,16,2.23,8.9,1.61,0.46,1.4,0.2,1.1,0.22,0.65,0.09,0.64,0.09,3.55,0.21,2.5,1.04
Cu-rich PCDs,Erdenet Cu-Mo,68.47,0.41,15.96,2.85,0.03,1.12,1.28,5.37,2.54,0.14,55.6,905,5.39,124,2.85,920,13.4,26.2,3.01,11.5,2.01,0.58,1.65,0.21,1.08,0.19,0.56,0.08,0.55,0.08,3.1,0.35,3.06,1.02
Cu-rich PCDs,Erdenet Cu-Mo,66,0.72,15.75,4.26,0.04,1.62,2.86,4.3,2.81,0.18,61.6,798,12.9,203,5.09,1138,14.6,30,3.8,15.4,3.16,0.91,3.15,0.44,2.48,0.48,1.35,0.19,1.25,0.18,4.75,0.28,3.67,1.28
Cu-rich PCDs,Erdenet Cu-Mo,62.73,0.75,16.89,4.73,0.04,2.49,3,4.31,3,0.19,79.4,703,13.8,252,5.05,735,20.7,41,5.13,20.1,3.75,0.98,3.68,0.5,2.83,0.54,1.52,0.21,1.37,0.21,5.65,0.4,5.33,1.89
Cu-rich PCDs,Erdenet Cu-Mo,59.32,0.72,17.52,6.75,0.09,2.67,5.48,4.77,1.44,0.3,23.1,952,13.9,121,3.92,495,17.6,35.8,4.5,18.7,3.63,1.09,3.66,0.48,2.75,0.55,1.5,0.21,1.36,0.2,3.04,0.31,3.61,0.8
Cu-rich PCDs,Erdenet Cu-Mo,61.01,0.82,17.28,5.23,0.08,2.59,4.45,4.94,2.73,0.22,43.6,826,16.5,349,5.26,761,21.6,37.6,5.4,21.3,4.13,0.98,4.08,0.55,3.19,0.63,1.75,0.24,1.62,0.24,7.5,0.41,5.29,1.54
Cu-rich PCDs,Erdenet Cu-Mo,61.96,0.92,15.4,5.7,0.08,1.88,3.78,4.67,3.13,0.26,77.4,312,21.8,327,7.88,632,22.6,46.9,6.4,25.9,5.17,1.1,5.13,0.72,4.25,0.84,2.36,0.34,2.17,0.33,7.41,0.64,13.3,1.16
Cu-rich PCDs,Erdenet Cu-Mo,59.06,1.08,16.4,6.81,0.1,2.45,4.59,4.39,3.18,0.3,78.3,754,23.3,334,8.4,827,23.8,49.8,6.62,27.2,5.5,1.21,5.44,0.75,4.5,0.87,2.6,0.37,2.39,0.35,7.28,0.62,8.33,0.72
Cu-rich PCDs,Erdenet Cu-Mo,68.64,0.3,16.88,2.08,0.09,0.66,2.77,4.9,2.54,0.13,71,1179,5.5,98.2,7.82,1878,9,18.2,3.26,9.6,2,0.56,1.3,0.21,0.9,0.14,0.4,0.05,0.35,0.06,3.4,0.1,1.1,0.6
Cu-rich PCDs,Erdenet Cu-Mo,64.8,0.46,17.4,3.31,0.05,1.14,2.82,6,1.28,0.17,51,1280,7.23,101,4.62,817,13,26,3.26,12.2,2.7,0.74,2,0.23,0.9,0.14,0.4,0.05,0.41,0.08,3.1,0.2,1.7,0.8
Cu-rich PCDs,Erdenet Cu-Mo,64.6,0.54,15.6,5.61,0.05,1.16,2.11,5,2.11,0.19,45,980,5,112,5.62,1051,14.7,30,3.26,15.7,3.4,0.84,1.9,0.28,0.9,0.14,0.4,0.05,0.55,0.09,3.3,0.2,2.8,1.3
Cu-rich PCDs,Erdenet Cu-Mo,68.26,0.35,16.44,3.02,0.06,0.82,2.55,5.04,2.4,0.12,48,1105,5,105,5.14,1358,15.3,29.9,3.26,14.1,2.6,0.67,1.6,0.26,0.9,0.14,0.4,0.05,0.54,0.09,3.6,0.2,2,0.8
Cu-rich PCDs,Erdenet Cu-Mo,65.67,0.38,15.24,3.6,0.03,0.72,1.46,4.31,3.13,0.12,52,523,4,108,2,1090,17.6,32.5,3.26,13.2,2.1,0.85,1.4,0.14,0.9,0.14,0.4,0.05,0.4,0.09,3,0.18,2.8,0.79
Cu-rich PCDs,Quellaveco Cu-Mo,67.96,0.34,16.22,2.62,0.03,1.24,1.73,3.27,3.02,0.16,69.9,469.8,7.2,94.4,4.2,694,17.4,37,4.33,15,2.67,0.74,1.65,0.28,1.22,0.22,0.6,0.1,0.64,0.11,2.7,0.3,3,1.4
Cu-rich PCDs,Quellaveco Cu-Mo,63.65,0.42,17.07,3.36,0.04,1.39,1.74,2.75,5.49,0.17,125.3,706.9,7.2,107.4,4.6,1481,18.3,36.7,4.33,16.6,2.75,0.7,2.1,0.26,1.3,0.23,0.68,0.1,0.74,0.11,3,0.3,3.2,2.4
Cu-rich PCDs,Quellaveco Cu-Mo,65.17,0.43,16.68,2.16,0.03,1.23,2.51,3.24,4.77,0.18,111.7,794.9,7.1,110.6,4.8,1063,17.2,34.4,4.01,16.1,2.62,0.71,1.98,0.25,1.26,0.23,0.67,0.1,0.68,0.11,3.3,0.3,3,1.8
Cu-rich PCDs,Quellaveco Cu-Mo,66.76,0.36,16.86,2.46,0.04,1.21,3.39,4.24,2.43,0.15,48.6,614.9,6.2,95.6,3.6,1652,15.7,31.8,3.53,13.4,2.42,0.66,1.64,0.21,1.12,0.21,0.6,0.09,0.59,0.1,2.7,0.3,3.2,1.1
Cu-rich PCDs,Quellaveco Cu-Mo,67.31,0.41,16.91,1.98,0.05,1.44,1.9,3.9,2.52,0.17,58.7,381.6,9.3,101,3.3,330,36.3,69.3,7.65,28.6,4.65,1.38,3.34,0.38,1.88,0.34,0.97,0.13,0.87,0.13,2.9,0.3,2.8,1.9
Cu-rich PCDs,Quellaveco Cu-Mo,65.88,0.38,16.52,3.1,0.03,1.14,3.2,3.69,2.23,0.16,56,769.6,6,79.8,3.2,685,14,27.9,3.25,12.6,2.26,0.75,1.84,0.23,1.06,0.21,0.68,0.09,0.54,0.09,2.4,0.2,2.4,1.2
Cu-rich PCDs,Quellaveco Cu-Mo,65.16,0.35,16.2,3.11,0.04,0.99,3.1,4.28,3.52,0.15,63.2,628.4,4.9,89.4,3.6,664,19.6,34.9,3.7,13.1,2.07,0.6,1.4,0.16,0.82,0.16,0.5,0.08,0.51,0.1,2.7,0.3,3.3,1
Cu-rich PCDs,Quellaveco Cu-Mo,67.89,0.32,16.64,1.99,0.03,1.01,3.43,5.04,1.08,0.14,42.8,811.3,7.3,96.7,3.5,225,22.7,40.2,4.48,16.2,2.61,0.76,1.98,0.25,1.32,0.25,0.71,0.1,0.66,0.1,2.9,0.3,3,1.4
Cu-rich PCDs,Quellaveco Cu-Mo,65.65,0.35,16.57,3.66,0.03,1.16,2.91,4.26,3.29,0.16,81.9,663.6,6.5,93.1,3.7,802,15.3,29.7,3.32,13.1,2.42,0.63,1.75,0.23,1.34,0.23,0.69,0.1,0.7,0.1,2.7,0.2,3.3,1.3
Cu-rich PCDs,Quellaveco Cu-Mo,67.11,0.34,16.76,3.16,0.06,1,3.57,4.32,2.03,0.15,43.6,805.5,6.2,105.7,3.2,705,16.5,31.5,3.54,13.5,2.3,0.65,1.56,0.22,1.17,0.22,0.66,0.1,0.6,0.1,3.1,0.3,3.2,1.3
Cu-rich PCDs,Quellaveco Cu-Mo,65.36,0.44,16.26,2.61,0.04,1.42,2.52,3.51,3.77,0.18,86.8,735.4,6.2,108.6,3.9,958,19,36.2,4.24,15.7,2.78,0.68,1.94,0.25,1.26,0.24,0.68,0.11,0.6,0.11,3,0.2,3.2,1.7
Cu-rich PCDs,Quellaveco Cu-Mo,67.35,0.32,16.27,2.95,0.03,1.15,2.88,3.77,2.46,0.16,52.7,592.7,5.5,99,3.1,740,17.1,31.9,3.57,13.3,2.27,0.68,1.48,0.19,0.98,0.19,0.6,0.08,0.57,0.09,2.8,0.2,2.6,1.1
Cu-rich PCDs,Quellaveco Cu-Mo,65.65,0.44,16.48,2.93,0.06,1.7,2.78,3.85,3.21,0.16,88.9,477.7,6.5,115,3.8,457,16.2,30.7,3.34,12.4,2.25,0.6,1.68,0.21,1.18,0.22,0.6,0.08,0.53,0.09,3.3,0.2,4,1.7
Cu-rich PCDs,Quellaveco Cu-Mo,67.81,0.32,16.39,2.81,0.04,1.01,2.98,3.99,3.14,0.14,75.7,635.6,5.8,94.5,3.4,817,15.2,28.6,3.21,12.4,1.97,0.6,1.51,0.2,1.07,0.18,0.57,0.08,0.55,0.1,2.7,0.2,3.5,1
Cu-rich PCDs,Quellaveco Cu-Mo,64.82,0.5,17.4,3.41,0.03,1.28,3.33,4.49,2.13,0.19,55.8,689.1,6.5,110.7,4.5,756,27.9,51.9,6.02,21.9,3.29,0.9,2.42,0.28,1.38,0.23,0.59,0.09,0.56,0.09,2.9,0.2,3.7,1
Cu-rich PCDs,Quellaveco Cu-Mo,66.34,0.33,16.31,3.45,0.05,1.19,2.66,3.39,2.56,0.13,58.3,531.5,5.3,96.7,3.1,733,13.3,26.5,2.83,10.7,1.96,0.63,1.41,0.19,1.06,0.2,0.6,0.09,0.6,0.09,2.9,0.2,3.4,1.1
Cu-rich PCDs,Quellaveco Cu-Mo,66.96,0.28,15.92,3.03,0.11,1.29,1.47,2.98,5.04,0.11,109.2,383.2,5.2,85.2,3.2,900,14.6,29.2,3.26,11.8,2.14,0.54,1.52,0.19,1.09,0.2,0.56,0.07,0.57,0.09,2.5,0.2,3,0.8
Cu-rich PCDs,Quellaveco Cu-Mo,67.62,0.29,15.98,3.21,0.11,1.01,2.3,3.62,3.78,0.12,76.7,470,6.2,113.8,3.7,857,19.4,38.7,4.2,14.9,2.41,0.67,1.75,0.22,1.18,0.22,0.62,0.09,0.59,0.1,3.1,0.3,3.4,1.1
Cu-rich PCDs,Aktogai Cu,69.22,0.47,15.48,0.94,0.02,1.12,0.96,3.4,5.53,0.22,83.9,451,9.74,52,3.46,1168,25.1,44.5,5.55,21.4,3.52,1.05,2.6,0.39,1.77,0.33,0.97,0.16,1.06,0.15,2,0.22,5.78,3.75
Cu-rich PCDs,Aktogai Cu,64.04,0.55,17.04,4.6,0.03,1.53,3.2,4.37,2.18,0.22,54.2,1036,8.95,66.2,3.25,918,16.6,33.2,4.22,16.6,2.84,0.82,2.03,0.33,1.57,0.3,0.86,0.15,0.95,0.15,2.42,0.23,5.1,1.45
Cu-rich PCDs,Aktogai Cu,66.74,0.53,16.15,2.04,0.03,1.86,1.42,3.95,4.16,0.21,58.3,453,5.77,31.4,2.3,640,10.1,19,2.35,9.43,1.73,0.54,1.21,0.18,0.96,0.17,0.54,0.09,0.64,0.1,1.36,0.14,5.69,0.51
Cu-rich PCDs,Aktogai Cu,74,0.34,13.62,1.62,0.02,1.33,0.39,3.33,2.39,0.11,71.4,625,10.3,58.7,2.74,919,17.6,32.6,3.68,19,3.53,0.79,2,0.32,1.55,0.3,0.98,0.15,1.05,0.15,2.48,0.21,8.29,1.34
Cu-rich PCDs,Aktogai Cu,66.21,0.54,16.67,3.79,0.03,1.63,2.19,4.35,2.79,0.23,66.25,896.6,11.3,114,3.66,837.7,19.52,38.01,5.13,19.05,3.65,0.95,2.8,0.39,2.09,0.4,1.06,0.16,1,0.15,3.35,0.23,5.23,2.44
Cu-rich PCDs,Aktogai Cu,65.07,0.57,16.51,4.24,0.02,1.58,2.91,4.38,2.86,0.24,62.28,922.9,8.25,101.9,3.82,876.2,21.16,41.32,5.47,20.13,3.62,0.87,2.51,0.31,1.55,0.29,0.75,0.11,0.71,0.11,3.09,0.22,4.99,3.45
Cu-rich PCDs,Aktogai Cu,69.01,0.43,15.54,1.86,0.02,1.5,1.42,4.21,3.96,0.18,72.01,718.5,9.77,112.3,3.91,1002.8,18.74,36.13,4.45,16.55,2.91,0.78,2.4,0.33,1.75,0.34,0.93,0.14,0.94,0.15,3.58,0.27,7.25,1.59
Cu-rich PCDs,Aktogai Cu,68.89,0.44,15.81,1.68,0.02,1.21,1.64,3.88,4.44,0.17,80.17,520.7,9.35,122.3,4.21,1074.3,22.51,42.69,5.07,18.56,3.33,0.84,2.37,0.32,1.75,0.33,0.92,0.14,0.92,0.14,3.69,0.31,7.31,1.15
Cu-rich PCDs,Aktogai Cu,68.67,0.41,15.96,1.73,0.02,1.25,1.4,3.85,4.84,0.18,93.31,575.6,7.98,106.4,3.83,1075.8,17.14,33.67,4.23,15.78,2.75,0.68,2.1,0.27,1.45,0.29,0.79,0.12,0.78,0.12,3.26,0.28,7.02,2.83
Cu-rich PCDs,Tuwu-Yandong Cu,75.01,0.23,13.19,1.36,0.02,0.82,1.45,5.76,0.67,0.1,35.25,507,4.71,33.3,1.8,356,5.79,11.6,1.46,6.1,1.11,0.51,0.99,0.15,0.86,0.18,0.41,0.09,0.73,0.08,1.1,0.15,0.68,0.15
Cu-rich PCDs,Tuwu-Yandong Cu,68.72,0.27,16.25,1.78,0.03,0.46,3.38,3.71,1.8,0.14,28.8,397,7.2,55.2,2.38,395,10.1,19.7,2.48,9.63,1.69,0.73,1.46,0.23,1.08,0.26,0.67,0.12,0.82,0.13,1.66,0.2,1.19,0.48
Cu-rich PCDs,Tuwu-Yandong Cu,68.73,0.25,14.84,2.16,0.04,0.64,4.06,4.25,1.38,0.12,25,462,8.47,49.3,2.58,245,12.9,25.8,3.14,11.2,2.17,0.72,1.89,0.26,1.43,0.29,0.81,0.14,0.94,0.16,1.74,0.25,1.38,0.58
Cu-rich PCDs,Tuwu-Yandong Cu,67.45,0.23,14.22,2.57,0.07,1.14,4.34,4.97,1.22,0.1,23.5,586,9.45,46.3,2.26,271,13.7,27.6,2.88,11.7,2.38,0.89,1.82,0.3,1.49,0.28,0.86,0.14,1.06,0.14,1.3,0.22,1.53,0.39
Cu-rich PCDs,Tuwu-Yandong Cu,68.21,0.29,15.68,3.35,0.04,1.2,2.47,4.65,1.28,0.13,27.3,509,8,38.1,2.25,281,11.1,22.2,2.73,10.9,2.07,0.67,1.68,0.27,1.49,0.28,0.88,0.13,0.87,0.12,1.3,0.2,1.26,1.04
Cu-rich PCDs,Tuwu-Yandong Cu,67.97,0.31,15.64,3.85,0.03,1.3,1.74,3.4,2.4,0.14,56.3,261,7.51,43,2.49,433,10.9,22.5,2.42,11.2,1.95,0.62,1.55,0.26,1.43,0.27,0.87,0.14,0.84,0.13,1.5,0.22,1.59,0.92
Cu-rich PCDs,Tuwu-Yandong Cu,65.34,0.36,16.13,5.05,0.04,1.68,2.22,2.98,2.09,0.15,49.1,566,9.53,53.6,2.41,461,14.8,29.3,3.73,15.3,2.71,0.88,2.23,0.35,1.96,0.36,1.1,0.16,1.15,0.18,1.82,0.2,1.44,0.97
Cu-rich PCDs,Tuwu-Yandong Cu,66.74,0.31,15.53,4.71,0.04,1.38,2.31,3.64,1.61,0.15,32.5,608,8.08,43.6,2.33,339,13.4,26.5,3.35,13.6,2.47,0.67,1.98,0.31,1.63,0.29,0.9,0.14,0.88,0.13,1.51,0.19,1.45,0.81
Cu-rich PCDs,Tuwu-Yandong Cu,66.89,0.31,15.7,4.61,0.05,1.29,2.53,3.15,1.85,0.14,39.5,669,8.18,41.5,2.18,426,10.7,21.6,2.7,11.6,2.15,0.74,1.88,0.31,1.71,0.31,0.95,0.14,0.93,0.14,1.52,0.19,1.39,0.71
Cu-rich PCDs,Tuwu-Yandong Cu,68.84,0.25,15.76,2.08,0.04,1.11,2.59,4.27,2.18,0.1,32.27,479,7.35,57.1,2.68,415,9.3,19.1,2.29,9,1.66,0.71,1.44,0.2,1.31,0.21,0.69,0.16,0.82,0.13,1.61,0.27,1.52,0.68
Cu-rich PCDs,Tuwu-Yandong Cu,68.84,0.25,15.76,2.21,0.04,1.11,2.59,4.27,2.18,0.1,36.7,429,7.35,57.1,2.68,466,9.3,19.1,2.29,9,1.66,0.71,1.44,0.2,1.31,0.21,0.69,0.16,0.82,0.13,1.61,0.27,1.52,0.68
Cu-rich PCDs,Tuwu-Yandong Cu,71.5,0.19,14.65,0.86,0.05,0.5,3,4.4,1.44,0.08,27.3,264,6.54,28.4,2.63,315,12,23.3,2.93,10.4,1.58,0.51,1.46,0.2,1.1,0.22,0.64,0.11,0.73,0.12,1.15,0.33,1.24,1.41
Cu-rich PCDs,Tuwu-Yandong Cu,69.75,0.18,15.5,2.29,0.04,0.58,3.06,4.04,1.6,0.12,25.6,661,5.8,39.4,2.6,487,10.7,21,2.64,10.1,1.42,0.78,1.19,0.21,1.2,0.19,0.59,0.12,0.64,0.09,1.26,0.25,1.12,0.77
Cu-rich PCDs,Tuwu-Yandong Cu,68.86,0.2,15.22,0.96,0.03,0.85,2.49,6.21,1.19,0.09,24,584,6,28.6,1.7,280,10.4,20.5,2.39,8.3,1.51,0.5,1.26,0.18,1,0.2,0.54,0.08,0.56,0.09,0.7,0.12,1.1,0.6
Cu-rich PCDs,Tuwu-Yandong Cu,65.75,0.29,14.57,2.99,0.19,1.57,3.67,4.3,1.4,0.11,28.2,549,7.5,43.9,2.7,400,9,19.8,2.48,9.3,1.86,0.58,1.67,0.23,1.34,0.26,0.71,0.1,0.71,0.11,1.3,0.23,1.4,1.3
Cu-rich PCDs,Tuwu-Yandong Cu,69,0.3,15.48,3.14,0.07,1.36,0.93,4.58,1.97,0.12,38.8,285,6.8,83.7,2.71,423,8.35,18.3,2.36,9.47,1.86,0.46,1.55,0.23,1.39,0.25,0.76,0.13,0.77,0.13,2.22,0.43,1.39,0.59
Cu-rich PCDs,Tuwu-Yandong Cu,74.4,0.18,12.57,1.97,0.03,0.84,3.41,0.4,3.1,0.11,45.3,582,3.68,29.6,3.25,536,10.4,20,2.34,8.6,1.48,0.43,1,0.14,0.78,0.14,0.38,0.06,0.44,0.07,0.94,0.23,1.06,0.4
Cu-rich PCDs,Wunugetushan Cu-Mo,71.57,0.24,14.82,1.8,0.02,0.25,0.92,4.43,3.93,0.09,114,43.7,3.92,135,4.98,760,16.1,30.2,3.46,11.6,1.85,0.46,1.23,0.15,0.62,0.11,0.31,0.05,0.39,0.07,3.85,0.31,2.27,0.8
Cu-rich PCDs,Wunugetushan Cu-Mo,70.31,0.22,14.82,2.02,0.03,0.31,1.06,4.85,4.06,0.08,157,46.9,3.6,132,4.99,720,16.6,30.6,3.47,11.4,1.87,0.43,1.23,0.14,0.61,0.11,0.3,0.05,0.39,0.07,3.85,0.31,3.12,1.22
Cu-rich PCDs,Wunugetushan Cu-Mo,70.92,0.18,14.83,1.83,0.03,0.34,1.55,4.26,3.7,0.05,102,26.8,5.75,101,5.55,770,16.4,33.9,4.23,15.5,2.82,0.62,1.85,0.23,1.04,0.17,0.47,0.07,0.51,0.08,3.28,0.38,2.43,1.34
Cu-rich PCDs,Wunugetushan Cu-Mo,69.2,0.37,16.05,2.4,0.01,0.1,1.29,4.5,3.36,0.12,135,26.7,3.96,111,5.21,660,16.3,30.5,3.52,11.6,1.85,0.44,1.19,0.14,0.65,0.11,0.32,0.05,0.4,0.07,3.45,0.35,2.39,1.1
Cu-rich PCDs,Wunugetushan Cu-Mo,70.46,0.39,14.86,2.44,0,0.34,1.35,4.73,3.65,0.03,113,95.6,4.45,138,5.4,720,19.1,36.6,4.18,14.3,2.25,0.56,1.43,0.17,0.8,0.14,0.4,0.06,0.47,0.09,4.28,0.38,3.38,1.36
Cu-rich PCDs,Wunugetushan Cu-Mo,70.09,0.41,14.7,2.07,0.01,0.52,1.58,4.98,3.63,0.03,96,143.2,5.94,122,4.52,730,15.8,31.6,3.57,13,2.34,0.61,1.82,0.26,1.27,0.22,0.55,0.08,0.53,0.09,3.45,0.29,2.85,1.73
Cu-rich PCDs,Wunugetushan Cu-Mo,68.96,0.21,15.03,2.19,0.04,0.4,1.97,3.97,3.38,0.08,97.6,428,5.91,115.9,5.65,680.9,15.14,30.08,3.5,13.22,2.1,0.57,1.62,0.2,1.08,0.2,0.55,0.08,0.53,0.09,3.09,0.37,3.33,0.9
Cu-rich PCDs,Wunugetushan Cu-Mo,69.43,0.23,14.96,2.19,0.04,0.44,2.28,3.71,3.19,0.09,91.44,298.1,5.73,139.4,5.26,498.8,15.87,30.25,3.51,12.77,2,0.56,1.55,0.2,0.98,0.19,0.52,0.08,0.54,0.09,3.57,0.35,3.12,1.31
Cu-rich PCDs,Wunugetushan Cu-Mo,68.83,0.22,15.19,2.13,0.05,0.44,2.28,3.87,3.32,0.08,81.8,369,4.07,116.7,4.81,498.8,11.12,24.6,2.95,11.07,1.83,0.52,1.32,0.17,0.9,0.16,0.48,0.07,0.47,0.08,3.08,0.31,1.79,0.86
Cu-rich PCDs,Wunugetushan Cu-Mo,69.72,0.23,15.31,2.03,0.04,0.37,1.77,4.06,4.02,0.09,107.8,361.5,5.56,128,5.36,753.7,14.68,28.22,3.2,11.48,1.76,0.56,1.39,0.18,0.94,0.19,0.52,0.08,0.54,0.09,3.43,0.34,3.06,0.97
Cu-rich PCDs,Wunugetushan Cu-Mo,69.91,0.21,15.01,1,0.04,0.38,2.64,3.13,4.59,0.09,124,297,6.7,110,4.2,836,21.2,40.6,4.25,15.1,2.38,0.63,1.7,0.23,1.18,0.23,0.65,0.1,0.66,0.1,3.2,0.3,3.76,1.34
Cu-rich PCDs,Wunugetushan Cu-Mo,68.98,0.21,14.66,1.02,0.04,0.45,2.85,3.16,4.22,0.08,108,380,5.7,110,3.9,709,14.4,28,2.89,10.6,1.74,0.51,1.36,0.2,1.02,0.19,0.54,0.08,0.52,0.08,3.2,0.3,3.16,1.13
Cu-rich PCDs,Wunugetushan Cu-Mo,76.65,0.18,11.15,0.85,0.03,0.49,0.67,1.13,5.69,0.07,100,112,17.3,30.6,7,510,19.7,37.9,4,14.3,2.6,0.5,2.5,0.4,2.5,0.6,1.7,0.3,2,0.3,1.1,0.7,11,2.5
Cu-rich PCDs,Wunugetushan Cu-Mo,70.5,0.37,16.1,1.13,0.01,0.33,0.49,4.49,2.89,0.05,65.2,289,3.3,38.3,2.7,770,13.5,26.5,2.8,10.9,2,0.6,1.2,0.2,0.8,0.1,0.4,0.1,0.3,0.1,1.4,0.2,3,0.9
Cu-rich PCDs,Wunugetushan Cu-Mo,67.6,0.21,14.55,2.09,0.05,0.49,1.62,2.97,5.43,0.09,102.5,403,6.6,27.8,2.5,780,21.4,41.8,4.3,16.1,2.4,0.6,1.6,0.2,1,0.2,0.6,0.1,0.5,0.1,1.1,0.2,4,0.8
Cu-rich PCDs,El Abra Cu-Mo,69.73,0.33,16.25,2.26,0.03,0.97,2.63,4.39,3.29,0.14,59,630,6.2,112,6.4,889,21.5,40.3,4.2,15.5,2.76,0.683,1.74,0.24,1.12,0.22,0.61,0.097,0.66,0.11,3,0.62,6.09,2.11
Cu-rich PCDs,El Abra Cu-Mo,69.26,0.35,16.35,2.28,0.04,0.92,3,4.68,2.98,0.15,65,779,5.5,107,6.5,896,21.1,38.9,4.13,15.8,2.69,0.672,1.6,0.22,1.12,0.21,0.58,0.096,0.61,0.09,2.9,0.67,6.67,2.51
Cu-rich PCDs,El Abra Cu-Mo,68.22,0.34,16.89,2.56,0.04,0.77,3.46,4.83,2.76,0.13,65,724,6.2,112,6.2,860,19.1,36.2,3.91,15.2,2.58,0.674,1.81,0.24,1.19,0.22,0.67,0.106,0.69,0.1,2.8,0.62,5.29,2.03
Cu-rich PCDs,El Abra Cu-Mo,68.3,0.33,16.99,2.5,0.04,0.8,3.28,4.72,2.85,0.14,68,724,6.5,113,6.2,858,24.4,44.2,4.59,16.4,2.58,0.7,2.1,0.24,1.24,0.24,0.68,0.108,0.67,0.11,2.8,0.63,6.66,2.54
Cu-rich PCDs,El Abra Cu-Mo,67.62,0.37,16.75,2.94,0.03,0.92,3.77,4.79,2.63,0.16,69,783,5.8,103,5.3,833,21.2,39,4.09,15.2,2.56,0.682,1.73,0.22,1.15,0.22,0.63,0.092,0.65,0.09,2.6,0.59,5.57,2.55
Cu-rich PCDs,El Abra Cu-Mo,68.02,0.36,16.81,2.72,0.04,0.8,3.73,4.75,2.62,0.15,51,777,6,115,6.2,864,20.2,38.7,4.18,15.4,2.77,0.704,1.7,0.23,1.16,0.21,0.62,0.097,0.64,0.1,3,0.62,5.77,1.82
Cu-rich PCDs,El Abra Cu-Mo,67.37,0.41,17.22,0.98,0.01,1.04,3.83,4.82,4.15,0.19,90,754,7.7,124,6.7,828,20,37,4.11,15.9,2.81,0.803,2.09,0.28,1.47,0.27,0.8,0.123,0.8,0.13,3.1,0.56,5.74,1.92
Cu-rich PCDs,El Abra Cu-Mo,67.32,0.39,16.99,2.68,0.03,1.02,3.7,4.93,2.78,0.16,89,769,6.4,109,6,835,19.2,35.8,3.98,15.1,2.66,0.753,1.9,0.24,1.19,0.22,0.63,0.093,0.64,0.1,2.8,0.57,6.53,2.36
Cu-rich PCDs,El Abra Cu-Mo,66.45,0.44,17.08,3.28,0.04,1.16,4.06,4.71,2.61,0.18,66,823,7.1,116,5.9,855,16.7,33.4,3.82,14.8,2.88,0.799,1.89,0.27,1.36,0.25,0.77,0.115,0.73,0.12,3,0.57,5.97,2.51
Cu-rich PCDs,El Abra Cu-Mo,63.33,0.64,17.83,4.37,0.05,2.19,4.51,5.01,1.81,0.28,61,902,8.9,124,6.6,573,19.9,38.7,4.41,17.8,3.62,0.885,2.42,0.35,1.76,0.33,0.9,0.134,0.88,0.14,3.1,0.53,4.57,2.12
Cu-rich PCDs,El Abra Cu-Mo,64.83,0.54,18.2,3.9,0.03,1.6,4.04,4.78,1.84,0.23,54,829,7.8,112,5.1,707,18.5,37,4.21,17.2,3.16,0.881,2.22,0.31,1.58,0.3,0.85,0.123,0.77,0.12,2.9,0.48,4.58,1.71
Cu-rich PCDs,El Abra Cu-Mo,69.68,0.29,16.28,2.12,0.02,0.68,2.99,4.67,3.21,0.11,56,658,6.1,112,6.7,920,21.3,40.1,4.35,15.4,2.56,0.683,1.78,0.24,1.14,0.21,0.62,0.104,0.7,0.11,2.8,0.74,7.44,2.46
Cu-rich PCDs,El Abra Cu-Mo,69.86,0.29,16.07,2.19,0.03,0.72,3.1,4.5,3.07,0.13,71,643,5.3,103,5.9,846,18.7,34.5,3.63,13.5,2.38,0.646,1.6,0.21,1.05,0.2,0.6,0.095,0.63,0.11,2.8,0.66,6.68,2.82
Cu-rich PCDs,El Abra Cu-Mo,70.53,0.29,15.66,1.64,0.02,0.57,2.81,4.3,4.06,0.1,71,604,5,100,5.3,868,17.2,33.2,3.59,13.9,2.4,0.644,1.53,0.21,1.11,0.21,0.61,0.095,0.63,0.11,2.6,0.54,5.49,1.86
Cu-rich PCDs,El Abra Cu-Mo,71.47,0.26,15.04,1.54,0.01,0.61,2.74,3.89,4.34,0.09,60,640,5.7,94,6.1,910,14,26.9,3.05,11.5,2,0.551,1.43,0.19,0.92,0.18,0.5,0.076,0.52,0.1,2.5,0.69,6.81,2.04
Cu-rich PCDs,El Abra Cu-Mo,70.25,0.28,16.03,1.97,0.01,0.68,2.93,4.66,3.1,0.1,66,636,5.2,96,5.9,812,19.3,35.9,3.8,13.7,2.27,0.632,1.61,0.21,1.04,0.2,0.58,0.092,0.62,0.1,2.7,0.73,7.67,2.4
Cu-rich PCDs,Jebel Ohier Cu-Au,56.4,0.61,17.45,5.68,0.09,5.17,6.18,4.29,0.81,0.18,11.8,778,6.8,70,2.5,393,9.1,21.1,2.41,10.9,2.56,0.82,1.9,0.25,1.56,0.28,0.71,0.11,0.65,0.08,1.9,0.3,0.98,0.38
Cu-rich PCDs,Jebel Ohier Cu-Au,67,0.39,16.95,2.94,0.04,1.37,1.35,5.19,2.1,0.14,38.1,654,6.5,91,1,611,11.1,21,2.7,10.4,2.34,0.67,1.89,0.23,1.29,0.24,0.59,0.11,0.55,0.08,2.7,0.2,2.38,1.3
Cu-rich PCDs,Jebel Ohier Cu-Au,69.5,0.45,17.95,1.78,0.01,0.23,0.24,0.95,4.02,0.2,70.3,544,4.4,101,1.5,760,3.2,7.1,1.11,5.5,1.56,0.51,1.4,0.17,0.89,0.17,0.54,0.09,0.55,0.07,3,0.2,0.85,0.39
Cu-rich PCDs,Jebel Ohier Cu-Au,66.5,0.46,17.15,3.88,0.06,1.62,4,4.79,2.25,0.14,38.9,848,6.4,107,2.7,669,10.7,23.5,2.55,11.5,2.4,0.71,1.71,0.25,1.22,0.23,0.72,0.1,0.63,0.09,2.7,0.4,1.73,1.06
Cu-rich PCDs,Jebel Ohier Cu-Au,54.3,1.46,17.5,8.52,0.13,2.87,7.12,4.04,1.56,0.48,32.8,642,28.7,228,5.9,549,19.4,46.6,5.91,27.5,6.84,1.76,6.13,0.93,5.72,1.17,3.31,0.46,3.31,0.43,5.8,1.6,2.71,1.05
Cu-rich PCDs,Jebel Ohier Cu-Au,53.4,1.71,17.35,9.27,0.14,4,7.25,3.75,1.79,0.54,34,590,29,233,5.7,693,18.8,44.7,5.85,26.3,6.66,1.79,6.18,0.92,5.82,1.14,3.22,0.47,3.5,0.45,5.7,0.2,2.62,1.03
Cu-rich PCDs,Jebel Ohier Cu-Au,51.2,1.43,16.6,9.49,0.15,4.98,7.58,3.24,1.48,0.43,29.9,591,25.5,195,5.1,461,16.7,39.1,5.07,23.6,5.78,1.56,5.52,0.86,5.26,1.03,3.05,0.41,3.12,0.42,5,0.3,2.17,0.93
Cu-rich PCDs,Jebel Ohier Cu-Au,56.2,0.96,15.7,8.12,0.14,4.82,6.62,3.42,1.84,0.22,31.6,387,18.8,111,5.4,358,13.5,31.6,3.75,17.1,4.16,1.18,3.89,0.56,3.61,0.71,2.14,0.28,2.21,0.29,3.1,0.4,2.53,0.96
Cu-rich PCDs,Jebel Ohier Cu-Au,57.2,1.23,16.85,8.13,0.12,3.69,6.55,3.69,1.91,0.39,43.1,608,21.5,210,4.9,577,17.9,41.5,4.93,22.7,5.53,1.45,4.75,0.7,4.31,0.82,2.48,0.34,2.51,0.34,5.3,0.3,3.38,1.42
Cu-rich PCDs,Jebel Ohier Cu-Au,66,0.39,16.2,3.24,0.05,1.3,3.51,4.77,2.16,0.15,41.4,977,5,95,1.8,737,9.8,21.4,2.4,10.3,2,0.65,1.51,0.21,1.07,0.18,0.49,0.08,0.51,0.08,2.6,0.3,1.82,1.01
Cu-rich PCDs,Jebel Ohier Cu-Au,54.4,1.56,17.25,9.3,0.16,4.3,7,3.8,2.11,0.53,39.6,653,27.2,239,6.2,609,22.2,52.3,6.57,29.5,6.89,1.83,6.07,0.94,5.68,1.09,3.09,0.45,2.93,0.43,5.9,0.4,3.19,1.3
Cu-rich PCDs,Jebel Ohier Cu-Au,65.6,0.43,16.5,3.71,0.05,1.52,3.5,4.69,2.07,0.15,36.2,889,5.9,98,1,646,10.3,20,2.58,10.3,2.14,0.67,1.69,0.21,1.2,0.22,0.61,0.1,0.48,0.07,2.8,0.2,1.91,1.16
Cu-rich PCDs,Jebel Ohier Cu-Au,72.9,0.32,16.4,1.52,0.02,0.58,0.13,0.15,4.86,0.01,91.9,56.8,7.4,150,2.8,737,5.5,10.3,1.18,4.1,0.87,0.21,0.75,0.15,1.2,0.27,0.84,0.16,1.13,0.18,3.8,0.4,1.69,0.68
Cu-rich PCDs,Jebel Ohier Cu-Au,64.2,0.37,17.5,5.98,0.07,1.51,1.09,2.2,3.21,0.1,59.3,278,7.3,98,2.4,410,7.6,17,2.26,10.2,2.65,0.66,1.88,0.28,1.37,0.26,0.87,0.11,0.66,0.1,2.7,0.1,0.66,0.27
Cu-rich PCDs,Jebel Ohier Cu-Au,55,0.88,16.75,8.03,0.12,5,6.99,3.84,0.95,0.23,19.7,615,18.8,115,2.7,400,11.9,25.8,3.37,14.9,3.42,1.16,3.37,0.54,3.34,0.66,1.87,0.25,1.81,0.3,2.9,0.2,1.23,0.58
Cu-rich PCDs,Highland Valley Cu-Mo distrct,65.7,0.4,16.8,3.8,0.1,1.3,4.4,4.7,1.8,0.2,30.2,705.1,7,83,1.8,787,8.3,18.4,2.2,10.4,1.8,0.6,1.7,0.2,1.2,0.2,0.7,0.1,0.7,0.1,2.6,0.1,1.7,0.6
Cu-rich PCDs,Highland Valley Cu-Mo distrct,65.82,0.37,16.97,3.53,0.04,1.28,4.63,4.76,1.75,0.15,29.4,750.1,7.1,85.9,1.7,743,9.5,18.8,2.5,10.8,1.81,0.54,1.57,0.21,1.25,0.24,0.78,0.11,0.74,0.09,2.2,0.1,2.2,1.4
Cu-rich PCDs,Highland Valley Cu-Mo distrct,66.05,0.33,16.97,3.32,0.04,1.12,4.23,4.74,1.51,0.14,17.9,710.4,6.2,70.3,1.5,722,9.4,18.7,2.28,8.9,1.38,0.51,1.42,0.19,1.02,0.22,0.65,0.09,0.68,0.11,1.9,0.1,1.8,0.8
Cu-rich PCDs,Highland Valley Cu-Mo distrct,65.72,0.36,17.34,3.4,0.07,1.17,4.63,4.89,1.57,0.15,25.3,810.6,6.5,62.9,1.3,805,9.1,17.8,2.27,8.6,1.66,0.54,1.6,0.21,1.13,0.22,0.56,0.1,0.58,0.1,2.3,0.1,1.1,0.6
Cu-rich PCDs,Highland Valley Cu-Mo distrct,66,0.4,17.1,3.5,0.1,1.2,4.5,4.9,1.7,0.1,31.9,682.4,6.6,76.1,1.9,797,9.7,19.1,2.4,9.6,1.8,0.7,1.7,0.2,1.2,0.2,0.7,0.1,0.7,0.1,2.5,0.1,1.4,0.9
Cu-rich PCDs,Highland Valley Cu-Mo distrct,67.7,0.3,16.2,3.1,0.1,0.9,3.7,4.8,1.8,0.1,24.3,586.8,5.6,67.6,2,859,8.9,18.1,2.3,9.5,1.7,0.5,1.5,0.2,1.1,0.2,0.6,0.1,0.6,0.1,1.9,0.1,1.5,0.9
Cu-rich PCDs,Highland Valley Cu-Mo distrct,68.4,0.3,16.3,2.9,0.1,0.8,3.7,4.8,1.9,0.1,33.2,588.5,4.4,64,1.7,894,8.9,16,1.9,7.2,1.3,0.5,1.3,0.2,0.8,0.2,0.5,0.1,0.5,0.1,1.9,0.1,1.5,1
Cu-rich PCDs,Highland Valley Cu-Mo distrct,68.1,0.3,16.1,3,0.1,0.9,3.7,4.8,1.8,0.1,29.6,571.4,4.9,66.2,1.9,924,9,17.4,2,8.7,1.5,0.5,1.5,0.2,1,0.2,0.5,0.1,0.6,0.1,1.9,0.1,1.6,0.8
Cu-rich PCDs,Highland Valley Cu-Mo distrct,68.7,0.3,16,3,0.1,0.9,3.5,4.7,1.9,0.1,34.7,578.6,6.8,66.8,2.2,1025,9.4,21.4,2.8,11.6,2.1,0.6,1.9,0.2,1.4,0.3,0.6,0.1,0.8,0.1,2,0.2,1.4,0.6
Cu-rich PCDs,Highland Valley Cu-Mo distrct,67.9,0.3,16.5,3.1,0.1,0.9,4,4.8,1.9,0.1,32.9,611.8,6.1,67.4,1.8,828,9.7,18.7,2.2,9.2,1.6,0.6,1.6,0.2,1.3,0.2,0.6,0.1,0.6,0.1,2.2,0.1,1.6,1
Cu-rich PCDs,Highland Valley Cu-Mo distrct,68.3,0.3,16.2,2.9,0.1,0.9,3.6,4.8,1.9,0.1,31.6,625.8,5.3,58.2,1.9,902,9.5,18.1,2.1,8.1,1.3,0.5,1.3,0.2,0.9,0.2,0.7,0.1,0.6,0.1,2,0.2,2.2,1.2
Cu-rich PCDs,Highland Valley Cu-Mo distrct,67.6,0.3,16.4,3,0.1,0.9,3.8,4.7,1.9,0.1,32.9,708.5,6.1,78.6,1.8,860,9.1,18.8,2.2,10.1,1.3,0.5,1.4,0.2,0.8,0.2,0.5,0.1,0.7,0.1,2.3,0.2,1.5,0.9
Cu-rich PCDs,Highland Valley Cu-Mo distrct,68.2,0.3,16.3,2.9,0.1,0.7,3.5,4.6,1.9,0.1,40.5,711.8,7.2,98.8,2.3,935,11.3,21.9,2.5,9.1,1.7,0.5,1.4,0.2,1.1,0.2,0.8,0.1,0.7,0.1,2.9,0.2,3.4,1.1
Cu-rich PCDs,Highland Valley Cu-Mo distrct,67.1,0.3,16.7,3.1,0.1,1,4.1,4.7,1.4,0.1,21.8,797.5,6.7,67,1.2,967,9.2,19.7,2.2,11.7,1.9,0.5,1.4,0.2,0.9,0.2,0.6,0.1,0.5,0.1,2.4,0.2,0.8,0.6
Cu-rich PCDs,Highland Valley Cu-Mo distrct,66.5,0.3,16.2,3,0.1,0.9,3.3,4.6,2.1,0.2,35.7,689.6,5.8,73.8,1.6,941,9.1,18.8,2.1,8.8,1.3,0.5,1.4,0.2,1,0.2,0.6,0.1,0.6,0.1,1.4,0.1,1.6,1.4
Cu-rich PCDs,Highland Valley Cu-Mo distrct,66.6,0.3,16.4,3,0.1,1.1,3.4,4.5,2,0.1,26.5,726.8,5.2,58.8,1.2,836,8.2,17.2,1.9,6.3,1.6,0.5,1.3,0.2,0.9,0.2,0.6,0.1,0.7,0.1,1.4,0.1,0.9,1.5
Cu-rich PCDs,Highland Valley Cu-Mo distrct,66.28,0.34,16.84,3.55,0.06,1.07,4.27,4.83,1.62,0.13,24.6,721.8,6.1,68.8,1.5,815,9.4,18.8,2.36,9.9,1.72,0.52,1.53,0.21,1.25,0.22,0.65,0.09,0.69,0.09,2,0.1,1.3,0.7
Cu-rich PCDs,Highland Valley Cu-Mo distrct,66.87,0.33,16.86,3.27,0.07,1,4.08,4.78,1.74,0.12,26.8,714.9,5.8,77.2,1.7,835,9.9,18,2.24,9.3,1.66,0.49,1.39,0.19,0.95,0.2,0.61,0.1,0.56,0.11,2.8,0.2,1.7,0.6
Cu-rich PCDs,Highland Valley Cu-Mo distrct,67.5,0.29,16.71,3.11,0.06,0.88,3.82,4.65,1.79,0.12,26.7,695,5.1,70.3,1.5,838,10,19.3,2.16,8.6,1.7,0.55,1.34,0.18,0.97,0.2,0.51,0.09,0.61,0.09,2.2,0.1,1.4,0.7
Cu-rich PCDs,Highland Valley Cu-Mo distrct,65.83,0.36,16.95,3.39,0.05,1.1,4.46,4.83,1.46,0.14,20.5,833.9,5.8,97.4,1.4,846,9.1,18.3,2.17,9.4,1.88,0.61,1.51,0.21,1.32,0.19,0.56,0.11,0.65,0.1,2.2,0.2,1.5,0.7
Cu-rich PCDs,Highland Valley Cu-Mo distrct,69.86,0.26,15.92,2.55,0.05,0.82,3.45,4.39,1.98,0.11,32.5,614.8,8.2,58.7,1.9,893,10.2,23.4,3.03,13.1,2.14,0.5,1.8,0.25,1.36,0.33,0.77,0.13,0.83,0.11,1.5,0.2,1.7,0.6
Cu-rich PCDs,Highland Valley Cu-Mo distrct,68.2,0.3,16.52,2.9,0.06,0.93,3.82,4.57,1.86,0.12,33,636.2,5.6,74.8,1.5,814,8.6,16.1,1.94,7.8,1.32,0.44,1.11,0.16,0.95,0.18,0.51,0.09,0.7,0.09,2.4,0.1,1.8,1
Cu-rich PCDs,Highland Valley Cu-Mo distrct,66.9,0.3,16.8,3.1,0.1,1,4.1,4.7,1.8,0.1,34.1,649,4.4,65.1,1.1,505,8.4,13.8,1.6,7.4,1.2,0.5,1,0.2,0.6,0.2,0.5,0.1,0.5,0.1,2.2,0.1,1.6,1.2
Cu-rich PCDs,Highland Valley Cu-Mo distrct,66.2,0.4,17,3.7,0.1,1.2,4.4,4.8,1.7,0.1,33.4,790.4,6.6,64.6,1.5,787,9.8,19.5,2.3,9.5,1.8,0.6,1.4,0.2,1.1,0.2,0.6,0.1,0.6,0.1,1.8,0.1,2.2,0.9
Cu-rich PCDs,Highland Valley Cu-Mo distrct,66,0.4,16.8,3.5,0.1,1.2,4.1,4.8,1.5,0.1,22.5,763.3,6.1,64.4,1.3,790,9.3,19.1,2.2,8.5,1.7,0.5,1.4,0.2,1,0.2,0.5,0.1,0.6,0.1,1.8,0.1,1.2,0.7
Cu-rich PCDs,Highland Valley Cu-Mo distrct,68.2,0.3,16.4,2.8,0.1,0.8,3.8,4.6,1.8,0.1,28.1,709.8,6.8,69.1,1.5,920,10.2,21.7,2.6,10.1,1.7,0.5,1.4,0.2,1.2,0.2,0.7,0.1,0.6,0.1,2.1,0.1,1.3,0.6
Cu-rich PCDs,Highland Valley Cu-Mo distrct,67.3,0.3,16.6,3.3,0.1,1,3.9,4.8,1.8,0.1,29.4,675.6,5.4,64.9,1.6,907,9.2,18.9,2.2,10.3,1.6,0.5,1.4,0.2,0.9,0.2,0.7,0.1,0.7,0.1,2.5,0.2,1.5,1.2
Cu-rich PCDs,Highland Valley Cu-Mo distrct,68,0.3,16.4,3.1,0.1,0.9,3.6,4.8,1.7,0.1,30.8,677.1,6,81.6,1.6,1029,10.4,20.7,2.4,9.2,1.7,0.6,1.6,0.2,1.3,0.2,0.5,0.1,0.6,0.1,2.7,0.2,1.3,0.7
Cu-rich PCDs,Highland Valley Cu-Mo distrct,68.4,0.3,16.1,3.1,0.1,0.9,3.5,4.7,1.8,0.1,30.8,618.4,6.2,55.9,1.9,836,10.7,18.9,2.3,9.4,1.7,0.6,1.4,0.2,0.9,0.2,0.6,0.1,0.7,0.1,1.8,0.1,1.3,0.8
Cu-rich PCDs,Highland Valley Cu-Mo distrct,68.9,0.3,16.1,2.7,0.1,0.7,3.2,4.9,1.9,0.1,29.6,628.2,7.5,76.3,2.2,819,10.7,22.6,2.9,11.3,2.2,0.5,1.9,0.2,1.5,0.3,0.8,0.1,0.7,0.1,2.4,0.1,1.6,0.7
Cu-rich PCDs,Highland Valley Cu-Mo distrct,68.7,0.3,16.3,2.7,0.1,0.7,3.5,4.9,1.8,0.1,31.9,658,5.9,76.8,2.2,970,10.2,19.6,2.3,8.7,1.7,0.5,1.6,0.2,1.2,0.2,0.6,0.1,0.8,0.1,2,0.1,1.4,1
Cu-rich PCDs,Highland Valley Cu-Mo distrct,68.4,0.3,16,2.6,0.1,0.7,3.2,4.8,2.1,0.1,38.3,514,6,65.1,2.1,828,9.8,19.4,2.3,8.9,1.7,0.5,1.6,0.2,1,0.2,0.7,0.1,0.7,0.1,1.9,0.2,1.3,0.8
Cu-rich PCDs,Highland Valley Cu-Mo distrct,68.9,0.3,16.2,2.7,0.1,0.8,3.3,4.8,2,0.1,31.3,571.1,6.1,64,2.3,1030,10.7,19.5,2.3,8.4,1.8,0.5,1.5,0.2,1.2,0.2,0.6,0.1,0.7,0.1,1.8,0.2,1.8,0.8
Cu-rich PCDs,Highland Valley Cu-Mo distrct,69.6,0.2,15.9,2.5,0.1,0.7,3.2,4.6,2.3,0.1,40.8,556.7,9.2,66.8,2.4,1005,10.9,24.4,3.5,14.3,3,0.7,2.7,0.3,2,0.3,0.9,0.1,0.9,0.2,1.2,0.2,2.3,0.9
Cu-rich PCDs,Highland Valley Cu-Mo distrct,68.3,0.3,16.2,2.8,0.1,0.8,3.3,4.8,2,0.1,35.7,577.5,5.5,71.2,2.1,907,10,20,2.2,7.9,1.4,0.5,1.5,0.2,1,0.2,0.6,0.1,0.7,0.1,2.4,0.2,1.8,0.8
Cu-rich PCDs,Highland Valley Cu-Mo distrct,69,0.3,15.8,2.7,0.1,0.8,3.3,4.6,2.2,0.1,38.5,568.6,5.1,74,1.8,934,9.4,17.1,2,8.5,1.6,0.5,1.4,0.2,1.1,0.2,0.5,0.1,0.5,0.1,2.4,0.1,1.4,0.6
Cu-rich PCDs,Highland Valley Cu-Mo distrct,69.3,0.3,15.9,2.8,0.1,0.8,3.3,4.6,2,0.1,38.1,600.5,8.2,67.3,2.7,1373,11.3,23.1,3.1,12.1,2.2,0.6,2.1,0.2,1.4,0.3,0.8,0.1,0.8,0.1,2.4,0.2,1.6,0.9
Cu-rich PCDs,Highland Valley Cu-Mo distrct,68.3,0.3,16.2,2.8,0.1,0.8,3.6,4.8,1.9,0.1,35.5,596.3,5.7,76.9,1.9,842,9.9,19,2.2,8.9,1.6,0.5,1.5,0.2,1.1,0.2,0.6,0.1,0.6,0.1,1.9,0.1,2,0.9
Cu-rich PCDs,Highland Valley Cu-Mo distrct,69.5,0.2,16,2.5,0.1,0.7,3.3,4.7,2.2,0.1,30.6,609.9,5.1,64.6,2,1030,9.3,18.9,2.2,9.3,1.8,0.5,1.3,0.2,1.1,0.2,0.7,0.1,0.7,0.1,2.9,0.1,2,1.1
Cu-rich PCDs,Highland Valley Cu-Mo distrct,69,0.2,16,2.5,0.1,0.8,3,4.7,2.2,0.1,41.4,550.3,5.2,70.8,2.2,985,10.1,19.3,2,5.9,1.4,0.5,1.1,0.2,0.9,0.2,0.5,0.1,0.7,0.1,2.1,0.1,1.8,1.3
Cu-rich PCDs,Highland Valley Cu-Mo distrct,69.6,0.2,15.7,2.5,0.1,0.7,3,4.6,2.3,0.1,36.8,556.2,5.6,64,1.9,968,8.5,19.3,2.1,7.9,1.5,0.4,1.3,0.2,1.1,0.2,0.6,0.1,0.7,0.1,1.9,0.1,2.4,1.3
Cu-rich PCDs,Highland Valley Cu-Mo distrct,66.27,0.34,16.63,3.38,0.06,1.14,4.34,4.77,1.11,0.15,12.8,680.7,5.2,69.8,1.6,695,8.1,17.1,1.84,7.5,1.71,0.51,1.27,0.18,1.04,0.2,0.5,0.09,0.54,0.1,2.4,0.1,1.9,0.8
Cu-rich PCDs,Highland Valley Cu-Mo distrct,69,0.26,16.35,2.54,0.06,0.77,3.44,4.73,1.92,0.1,32.3,623.8,4.9,51.8,1.5,828,7.8,16.1,1.81,7.1,1.24,0.45,1.11,0.15,0.88,0.19,0.52,0.06,0.49,0.09,1.8,0.2,1.5,1
Cu-rich PCDs,Highland Valley Cu-Mo distrct,68.97,0.26,16.21,2.59,0.05,0.83,3.31,4.63,2.26,0.11,45.6,634.6,5,54,1.6,959,9.1,16.4,2.02,6.7,1.45,0.44,1.19,0.16,0.94,0.16,0.57,0.08,0.6,0.1,1.5,0.1,1.5,1.2
Cu-rich PCDs,Highland Valley Cu-Mo distrct,68.7,0.28,16.29,2.69,0.05,0.84,3.66,4.68,1.88,0.1,29.4,651,5.3,68.4,1.6,915,8.8,16.8,1.94,7.2,1.51,0.4,1.21,0.16,0.76,0.23,0.46,0.07,0.54,0.08,2,0.1,1.5,0.8
Cu-rich PCDs,Highland Valley Cu-Mo distrct,69.54,0.23,15.79,2.5,0.06,0.74,3.12,4.61,2.09,0.1,35.1,583.3,4.6,64.4,1.6,861,9.1,16.1,1.81,6.3,1.21,0.43,1.05,0.14,0.58,0.18,0.47,0.07,0.6,0.09,2.1,0.2,2,0.8
Cu-rich PCDs,Highland Valley Cu-Mo distrct,68.1,0.3,16.4,2.6,0.1,0.7,3.4,4.7,2,0.1,28,606.3,6,66.3,1.6,772,8.4,19,2.1,9.4,1.6,0.4,1.2,0.2,1.4,0.2,0.8,0.1,0.9,0.1,1.9,0.2,1.7,0.8
Cu-rich PCDs,Highland Valley Cu-Mo distrct,68.6,0.3,16.4,2.7,0.1,0.8,3.4,4.7,1.9,0.1,30,597.4,5.5,63,1.6,1062,8.7,18.9,2,7.8,1.3,0.4,1.1,0.2,1,0.2,0.5,0.1,0.6,0.1,1.6,0.1,1.3,0.7
Cu-rich PCDs,Highland Valley Cu-Mo distrct,68.7,0.2,16.3,2.4,0.1,0.7,3.4,4.8,2,0.1,34.9,653,6.1,65.6,1.6,830,9.7,18.9,2.2,7.9,1.8,0.4,1.4,0.2,1.3,0.2,0.7,0.1,0.7,0.1,2.3,0.2,1.6,1
Cu-rich PCDs,Highland Valley Cu-Mo distrct,69.6,0.2,16.4,2,0.1,0.7,3.5,4.8,1.9,0.1,26.1,621.1,5.2,71.6,1.6,1106,10,20.8,2.3,6.8,1.5,0.4,1.1,0.2,0.8,0.2,0.4,0.1,0.6,0.1,2.3,0.1,1.2,0.7
Cu-rich PCDs,Highland Valley Cu-Mo distrct,69.6,0.2,15.6,2.6,0.1,0.7,3.2,4.8,2.3,0.1,39.7,611.9,5.3,59,2.2,952,10.6,20,2,7.7,1.3,0.4,1.1,0.1,0.9,0.2,0.5,0.1,0.6,0.1,2.3,0.2,2.5,0.9
Cu-rich PCDs,Highland Valley Cu-Mo distrct,69.7,0.2,16.3,2.5,0.1,0.6,3,4.8,2.1,0.1,32.6,666.8,5.8,65.6,1.8,1035,10.7,19.7,2.1,8,1.3,0.5,1.1,0.1,0.9,0.2,0.5,0.1,0.6,0.1,2.1,0.1,2.3,0.9
Cu-rich PCDs,Highland Valley Cu-Mo distrct,68.7,0.3,16.4,2.6,0.1,0.7,3.4,4.8,2,0.1,35.1,700.1,6.3,81.5,1.9,1026,11,21.3,2.4,8.9,1.5,0.5,1.3,0.2,1.1,0.2,0.6,0.1,0.6,0.1,2.3,0.1,1.7,0.7
Cu-rich PCDs,Highland Valley Cu-Mo distrct,69.2,0.2,16.3,2.5,0.1,0.6,3.3,4.9,2,0.1,35.3,695.6,5.3,69.1,1.7,912,9.9,19,2.1,8.5,1.5,0.4,1.1,0.2,0.9,0.2,0.5,0.1,0.5,0.1,1.9,0.1,1.5,0.8
Cu-rich PCDs,Highland Valley Cu-Mo distrct,68.9,0.3,16.5,2.6,0.1,0.7,3.4,4.9,1.9,0.1,28.8,742,6.3,64.8,1.9,921,11.5,21.9,2.5,9.9,1.7,0.5,1.3,0.2,0.9,0.2,0.6,0.1,0.7,0.1,1.5,0.1,1.1,0.6
Cu-rich PCDs,Highland Valley Cu-Mo distrct,69.1,0.3,16,2.7,0.1,0.8,3.5,4.6,2,0.1,40.7,625.8,5.8,76.8,1.7,1013,9.9,17,2.1,8.6,1.5,0.5,1.3,0.2,1.1,0.2,0.5,0.1,0.5,0.1,2.1,0.2,1.9,1
Cu-rich PCDs,Highland Valley Cu-Mo distrct,68.6,0.3,16.1,2.8,0.1,0.9,3.5,4.6,1.7,0.1,30.4,634.6,5.5,70.1,1.8,929,10.3,18.7,2.3,9.8,1.4,0.6,1.4,0.2,1,0.2,0.6,0.1,0.6,0.1,2.3,0.2,1.5,0.7
Cu-rich PCDs,Highland Valley Cu-Mo distrct,69.2,0.3,15.9,2.8,0.1,0.8,3.3,4.6,2.2,0.1,44.3,597.1,6.4,73.6,2.2,1108,11.7,19.7,2.5,9.7,1.7,0.5,1.3,0.2,1.3,0.2,0.5,0.1,0.6,0.1,2,0.2,2.2,1.2
Cu-rich PCDs,Highland Valley Cu-Mo distrct,69,0.3,15.9,2.7,0.1,0.8,3.2,4.6,2.3,0.1,41,600,7.2,77.4,2.3,1130,11.6,21.6,2.6,10.5,2,0.5,1.6,0.2,1.3,0.2,0.6,0.1,0.7,0.1,2.4,0.1,1.9,0.7
Cu-rich PCDs,Highland Valley Cu-Mo distrct,69.1,0.3,15.9,2.7,0.1,0.8,3.2,4.7,2.1,0.1,41.7,571,6.9,81.9,2.2,948,11.1,21,2.3,10,1.5,0.5,1.4,0.2,0.8,0.2,0.6,0.1,0.6,0.1,1.8,0.2,2,1.1
Cu-rich PCDs,Tsagaan Suvarga Cu-Mo,71.03,0.18,15.33,1.09,0.02,0.26,0.11,2.23,7.85,0.04,129,96.7,4.44,121,6.9,642,7.17,9.52,1.05,3.66,0.71,0.23,0.78,0.11,0.75,0.17,0.58,0.1,0.79,0.14,3.88,0.47,5.93,1.18
Cu-rich PCDs,Tsagaan Suvarga Cu-Mo,73.42,0.13,14.03,0.41,0.02,0.13,0.17,2.69,7.57,0.03,112,108,2.21,87,6,557,5.72,7.79,0.74,2.64,0.48,0.14,0.49,0.06,0.38,0.08,0.26,0.05,0.3,0.06,3.18,0.37,4.8,0.83
Cu-rich PCDs,Tsagaan Suvarga Cu-Mo,65.23,0.29,17.58,2.38,0.03,0.56,1.57,5.45,4.77,0.09,73.9,612,9.88,135,6.65,855,11.2,11.8,1.92,7.62,1.6,0.6,1.76,0.26,1.69,0.36,1.12,0.18,1.4,0.24,3.56,0.44,3.7,1.99
Cu-rich PCDs,Tsagaan Suvarga Cu-Mo,64.69,0.3,17.88,0.73,0.03,0.46,1.15,4.21,8.78,0.08,136,349,8.48,109,5.35,1547,14.4,16,2.43,9.57,1.87,0.64,1.91,0.25,1.51,0.31,0.95,0.15,1.14,0.18,2.71,0.35,2.46,1.44
Cu-rich PCDs,Tsagaan Suvarga Cu-Mo,65.04,0.28,18.1,2.22,0.03,0.53,1.83,5.63,4.84,0.07,69.2,606,9.54,121,6.58,879,12.6,14.6,2.03,7.94,1.61,0.54,1.71,0.24,1.49,0.33,1.04,0.17,1.31,0.21,3.42,0.43,3.18,2.36
Cu-rich PCDs,Tsagaan Suvarga Cu-Mo,65.58,0.27,18.35,1.51,0.02,0.46,1.43,5.71,5.25,0.08,72.3,525,10.2,117,6.08,876,11.5,13.5,2.06,7.86,1.54,0.51,1.68,0.25,1.66,0.36,1.19,0.2,1.48,0.24,3.22,0.41,2,2.34
Cu-rich PCDs,Tsagaan Suvarga Cu-Mo,64.87,0.18,16.89,1.23,0.02,0.36,0.98,4.42,6.28,0.21,118,533,10.53,74.17,4.93,750,11.69,19.53,2.13,8.14,1.75,0.61,1.11,0.22,1.43,0.35,1.07,0.2,1.37,0.21,2.36,0.36,4.49,1.62
Cu-rich PCDs,Tsagaan Suvarga Cu-Mo,63.57,0.24,18.28,1.01,0.03,0.44,1.48,5.29,6.1,0.15,117,651,12.22,112.7,7.18,1162,13.97,24.77,2.8,10.99,2.37,0.76,1.4,0.27,1.77,0.43,1.31,0.25,1.7,0.27,3.31,0.49,4.75,2.16
Cu-rich PCDs,Tsagaan Suvarga Cu-Mo,64.55,0.26,17.83,1.35,0.02,0.5,1.1,5.02,6.58,0.2,122,619,13.01,83.75,6.29,1004,16.48,28.81,3.11,12.06,2.53,0.8,1.55,0.3,1.9,0.46,1.39,0.26,1.74,0.27,2.58,0.41,3.42,2.34
Cu-rich PCDs,Tsagaan Suvarga Cu-Mo,64.46,0.2,16.49,2.18,0.08,0.27,1.81,5.72,4.38,0.06,90,722,11.75,126.1,3.93,1008,12.79,22.9,2.53,9.72,2.04,0.71,1.29,0.24,1.54,0.37,1.16,0.22,1.51,0.24,3.27,0.19,2.81,1.72
Cu-rich PCDs,Tsagaan Suvarga Cu-Mo,63.23,0.23,17.67,2.57,0.09,0.31,2.1,6,4.36,0.07,93,800,14.72,71.95,5.02,1047,13.41,29.08,3.23,12.61,2.65,0.85,1.65,0.31,1.99,0.47,1.43,0.26,1.68,0.25,2.12,0.26,2.48,2.46
Cu-rich PCDs,Tsagaan Suvarga Cu-Mo,63.44,0.18,16.82,1.74,0.07,0.35,2.86,5.63,4.11,0.05,82,620,6.71,69.89,3.97,959,10.77,19.08,2,7.2,1.32,0.51,0.84,0.15,0.97,0.22,0.71,0.13,0.97,0.15,1.97,0.28,1.37,1.48
Cu-rich PCDs,Tsagaan Suvarga Cu-Mo,63.87,0.23,17.2,2.36,0.07,0.41,2.4,5.67,4.67,0.08,95,780,15.44,85.31,6.39,978,17.5,29.94,3.23,12.36,2.58,0.82,1.62,0.32,2.06,0.51,1.57,0.29,1.91,0.3,2.64,0.47,4.31,3.23
Cu-rich PCDs,Tsagaan Suvarga Cu-Mo,63.12,0.23,18.38,2.27,0.07,0.34,2.73,6.04,4.38,0.08,82,841,15.94,124.3,5.72,948,13.67,29.02,3.24,12.64,2.7,0.85,1.68,0.33,2.11,0.52,1.6,0.3,1.98,0.3,3.49,0.41,3.02,1.11
Cu-rich PCDs,Tsagaan Suvarga Cu-Mo,65.22,0.14,17.34,1.31,0.04,0.21,1.57,5.71,4.93,0.07,101,421,8.05,79.13,3.77,807,9.12,27.78,1.74,6.47,1.39,0.51,0.89,0.17,1.15,0.27,0.84,0.16,1.11,0.17,2.47,0.19,3.8,2.77
Cu-rich PCDs,Tsagaan Suvarga Cu-Mo,63.46,0.23,16.03,3.12,0.04,0.58,2.59,5.34,2.7,0.14,47,160,11,86.23,5.23,856,14.44,35.52,3.32,11.88,2.06,0.65,1.37,0.25,1.61,0.38,1.19,0.22,1.48,0.23,2.57,0.29,4.58,9.78
Cu-rich PCDs,Tsagaan Suvarga Cu-Mo,64.35,0.22,16.3,1.8,0.05,0.29,2.09,4.18,5.93,0.19,131,429,13.57,86.29,5.06,798,14.22,27.85,3.05,11.7,2.37,0.72,1.47,0.28,1.84,0.45,1.38,0.26,1.73,0.26,2.42,0.24,2.27,6.03
Cu-rich PCDs,Tsagaan Suvarga Cu-Mo,62.29,0.24,16.96,2.23,0.04,0.4,2.07,5.35,4.97,0.27,102,393,14.22,100.2,5.52,298,19.28,33.99,3.67,14.31,2.86,0.83,1.75,0.32,2.02,0.48,1.44,0.27,1.76,0.27,2.76,0.29,3.48,3.63
Cu-rich PCDs,Tsagaan Suvarga Cu-Mo,61.39,0.23,16.17,3.5,0.06,0.27,2.91,5.3,4.95,0.4,111,472,12.32,101,6.19,909,14.41,29.52,3.25,12.45,2.38,0.69,1.39,0.26,1.64,0.4,1.27,0.24,1.63,0.25,2.92,0.44,3.95,1.97
Cu-rich PCDs,Tsagaan Suvarga Cu-Mo,64.57,0.31,17.14,2.57,0.04,0.18,2.77,4.94,4.88,0.11,125,631,11.6,46.7,8,721,18.6,32,3.43,11.7,2.4,0.84,2.29,0.36,2.18,0.47,1.42,0.25,1.7,0.48,2,0.5,4.5,0.95
Cu-rich PCDs,Luoboling Cu-Mo,65.41,0.44,15.93,3.73,0.1,1.72,3.93,3.42,4.26,0.24,153,444,12.75,88,14.91,673,43.06,74.41,7.28,24.23,3.78,0.95,2.87,0.37,2.36,0.49,1.48,0.21,1.38,0.24,2.63,1.99,22.07,9
Cu-rich PCDs,Luoboling Cu-Mo,65.74,0.41,16.02,3.49,0.08,1.59,3.91,3.46,4.04,0.21,159,515,13.22,127,14.01,796,30.39,59.7,5.98,21.9,3.69,0.97,2.78,0.36,2.38,0.5,1.43,0.21,1.47,0.26,3.54,1.6,35.61,11.72
Cu-rich PCDs,Luoboling Cu-Mo,65.85,0.41,16.06,3.48,0.08,1.57,3.9,3.41,4.06,0.21,148,466,18.66,118,18.28,675,36.43,59.79,6.4,26.68,4.85,1.22,3.03,0.43,2.7,0.53,1.5,0.23,1.5,0.24,3.77,1.65,18.15,9.76
Cu-rich PCDs,Luoboling Cu-Mo,64.94,0.46,15.25,3.84,0.05,1.9,3.17,3.02,3.21,0.22,120,511,15.12,152,14.89,638,36.19,61.57,6.69,22.19,4.25,0.94,3.77,0.52,2.8,0.55,1.64,0.29,1.79,0.28,4.07,1.63,20.81,7.9
Cu-rich PCDs,Luoboling Cu-Mo,64.65,0.53,15.19,4.59,0.12,2.06,3.98,3,3.54,0.24,136,529,19.26,179,15.48,738,38.01,67.61,7.79,25.98,5.55,1.04,4.25,0.64,3.44,0.75,2.08,0.35,2.24,0.33,4.65,1.62,19.76,5.85
Cu-rich PCDs,Luoboling Cu-Mo,65.01,0.54,15.08,4.56,0.1,2.13,3.85,2.98,4.01,0.24,159,507,16.89,158,18.32,765,34.23,62.33,6.87,23.66,4.98,1.03,3.78,0.55,2.99,0.62,1.79,0.31,2.04,0.31,4.29,2.32,22.71,8.87
Cu-rich PCDs,Luoboling Cu-Mo,65.76,0.49,14.88,4.23,0.09,1.81,3.5,3.06,4.04,0.22,173,488,15.37,146,16.49,695,52.52,83.37,9.03,28.47,4.88,0.99,3.96,0.51,2.93,0.58,1.74,0.3,1.88,0.3,4.28,2.15,27.96,8.44
Cu-rich PCDs,Luoboling Cu-Mo,64.37,0.52,16.46,2.38,0.05,2.19,4.09,1.85,7.79,0.29,192,375,16.1,124,10.8,797,25.8,51.9,5.6,21.5,3.85,1.23,3.37,0.45,2.66,0.55,1.59,0.25,1.48,0.25,3.4,1.1,11.25,3.58
Cu-rich PCDs,Luoboling Cu-Mo,64.16,0.53,15.4,2.04,0.05,2.02,6.36,1.8,7.37,0.26,187,442,17.1,121,13.8,767,27.4,54.6,6.2,22.8,4.11,1.25,3.48,0.51,2.78,0.55,1.55,0.24,1.58,0.25,3.3,1.4,13.85,6.28
Cu-rich PCDs,Luoboling Cu-Mo,65.59,0.56,15.72,1.95,0.06,1.97,4.43,1.85,7.63,0.25,205,349,16.5,131,14.7,680,30.4,63.2,6.8,25.8,4.35,1.3,3.61,0.51,2.73,0.59,1.7,0.25,1.57,0.27,3.7,1.5,15.1,6.78
Cu-rich PCDs,Luoboling Cu-Mo,65.31,0.54,15.93,1.53,0.05,1.9,4.72,1.71,8.03,0.28,203,353,16.2,120,13.1,764,35.4,69.2,7.4,26.8,4.56,1.24,3.62,0.47,2.65,0.53,1.53,0.24,1.59,0.25,3.2,1.4,15,5.88
Cu-rich PCDs,Luoboling Cu-Mo,71.09,0.33,13.82,1.12,0.03,0.91,3.11,1.39,8.05,0.13,188.5,331,12.4,149,16.8,866,32.5,61,6.4,22.9,3.75,1.09,3.33,0.51,2.86,0.59,1.79,0.28,1.92,0.33,4.1,1.9,13.55,6.04
Cu-rich PCDs,Luoboling Cu-Mo,71.52,0.34,14.27,1.7,0.03,0.98,2.39,1.9,6.72,0.14,169.5,342,15,117,15.1,745,27.8,53.3,5.5,20.2,3.19,1.01,2.71,0.39,2.19,0.48,1.54,0.23,1.59,0.26,3.3,1.6,14.75,6.3
Cu-rich PCDs,Luoboling Cu-Mo,69.59,0.43,15.08,3.31,0.04,1.36,3.44,2.96,3.6,0.2,102,491,15.5,148,15.1,496,22.1,46.2,5.6,21.8,3.88,1.14,3.12,0.44,2.6,0.52,1.58,0.25,1.61,0.27,4.2,1.8,14.45,7.6
Cu-rich PCDs,Luoboling Cu-Mo,68.06,0.39,15.51,3.43,0.04,1.29,3.07,2.48,5.54,0.18,152.5,491,13.7,126,13.8,929,39.3,70.8,7.1,24.6,3.93,1.1,3.06,0.43,2.31,0.47,1.36,0.21,1.41,0.23,3.6,1.5,21.3,8.58
Cu-rich PCDs,Shujiadian Cu,52.4,1,17.4,7.2,0.2,3.2,8.2,4,2.8,0.4,53.7,1015,19.6,41.3,13.2,716,51.9,98.2,11.5,42.5,7.5,2.1,6.6,0.9,3.8,0.8,2.1,0.3,1.8,0.3,4.9,0.7,7.1,1.4
Cu-rich PCDs,Shujiadian Cu,53.7,1,17.6,7.1,0.2,3,7.7,4,3.4,0.4,65.5,976,18,32.9,14.3,895,46.7,88.9,9.9,36.8,6.4,1.8,5.7,0.8,3.6,0.7,2,0.3,1.7,0.3,5,0.8,8.7,1.8
Cu-rich PCDs,Shujiadian Cu,52,1,17.8,6.4,0.1,3,8.5,4,2.9,0.4,58.9,949,19.7,38.8,14.9,716,51.6,99.6,11.3,41.7,7.1,2.1,6.5,0.9,3.9,0.8,2.1,0.3,1.8,0.3,4.8,0.8,6.5,1.5
Cu-rich PCDs,Shujiadian Cu,54.3,0.9,17.3,6.5,0.1,2.7,6.2,4.3,3.7,0.4,66.5,912,17.1,55.5,18.5,770,54.6,102,11.4,42.5,7,1.8,6,0.8,3.9,0.7,2.2,0.3,1.9,0.3,2.1,1,10.1,2.6
Cu-rich PCDs,Shujiadian Cu,54.9,0.9,17.5,6.7,0.2,2.8,8,4.2,3.6,0.4,61,1025,16.9,104.5,13.9,895,48.5,90.8,10.3,37.8,6.5,1.7,5.6,0.7,3.5,0.6,2,0.3,1.6,0.2,4.9,0.9,9.7,2.4
Cu-rich PCDs,Shujiadian Cu,54.2,0.9,17.5,6.2,0.1,2.6,7.1,4.5,3.2,0.4,61.5,952,18.2,42.3,16.4,716,54.9,102,11.2,41.2,6.9,1.8,5.8,0.7,3.5,0.7,2.1,0.3,1.6,0.3,5.3,0.9,9.8,2.7
Cu-rich PCDs,Shujiadian Cu,59.3,0.6,17.2,5.2,0.1,1.5,4.8,5.1,1.9,0.2,55.8,1005,11.3,24.5,10.7,716,26.2,53.7,6.1,24,4.6,1.6,3.7,0.5,2.2,0.4,1,0.2,0.8,0.1,0.9,0.7,3.5,1.2
Cu-rich PCDs,Shujiadian Cu,60.9,0.6,17.3,5.2,0,1.7,4.2,4.8,2.3,0.2,67.7,905,9.7,25.4,10.3,806,23.3,47.1,5.7,22,4,1.4,3.4,0.4,2.2,0.4,0.9,0.1,0.8,0.1,0.9,0.7,3.7,1.2
Cu-rich PCDs,Shujiadian Cu,59.5,0.6,16.8,5.5,0,1.8,4.6,4.1,2.9,0.2,75.7,852,10,22.1,9.4,800,23.7,48.6,5.8,22.1,4.5,1.3,3,0.4,2.1,0.4,0.9,0.1,0.8,0.1,0.9,0.6,2.8,0.9
Cu-rich PCDs,Shujiadian Cu,58.8,0.5,16.7,5.6,0,1.8,4.4,4.1,2.9,0.2,83.1,903,10.4,23,9.4,850,22.9,48,5.9,22.3,4.3,1.3,3.3,0.4,2.2,0.4,0.9,0.1,0.8,0.1,0.9,0.6,2.9,1.1
Cu-rich PCDs,Baogutu Cu-Mo,57.06,0.75,17.19,7.17,0.09,4.39,6.17,3.72,1.52,0.16,25.06,881,10.7,52.72,1.6,696,6.59,16.13,2.23,10.35,2.2,0.97,2.33,0.36,2.08,0.43,1.13,0.16,1.11,0.17,1.79,0.49,1.44,0.43
Cu-rich PCDs,Baogutu Cu-Mo,51.83,1.04,18.26,8.97,0.13,5.94,8.32,4,0.45,0.21,3.84,830.5,17.81,64.91,2.16,285.4,9.19,21.12,3.29,14.5,3.54,1.14,3.45,0.55,3.36,0.69,1.91,0.27,1.75,0.25,1.91,0.12,0.29,0.13
Cu-rich PCDs,Baogutu Cu-Mo,57.85,0.89,16.78,7.02,0.11,4.43,6.38,3.95,1.04,0.21,17.14,626.5,16.26,138,3.35,422,13.19,26.76,3.64,15.01,3.4,1.04,3.21,0.49,3,0.62,1.72,0.25,1.65,0.25,3.93,0.21,1.17,0.37
Cu-rich PCDs,Baogutu Cu-Mo,58.38,0.72,16.59,5.59,0.06,5.16,6.06,4.67,0.4,0.16,5.39,921.9,7.47,54.04,1.13,273,4.12,9.25,1.66,7.41,1.98,0.64,1.61,0.24,1.43,0.27,0.72,0.1,0.62,0.09,1.72,0.07,0.38,0.49
Cu-rich PCDs,Baogutu Cu-Mo,55.73,0.89,17.21,5.66,0.05,3.87,6.24,5.12,2.97,0.29,21.72,908.7,11.89,79.47,2.4,542.5,24.61,55.16,7.86,31.86,6.51,1.9,4.71,0.53,2.58,0.46,1.14,0.16,1.02,0.15,2.36,0.13,3.81,3.56
Cu-rich PCDs,Baogutu Cu-Mo,53.76,0.84,18.7,7.71,0.14,4.56,7.53,3.77,0.65,0.16,12.07,658,9.6,38.37,1.38,252,5.09,11.8,1.66,8.07,1.76,0.78,1.83,0.29,1.74,0.39,1.01,0.15,1,0.15,1.18,0.14,0.94,0.26
Cu-rich PCDs,Baogutu Cu-Mo,53.19,0.77,17.35,8.12,0.12,5.98,8.69,3.04,0.54,0.15,7.46,609,11.89,49.51,1.97,278,7.13,16.38,2.19,10.56,2.13,0.83,2.32,0.38,2.28,0.46,1.39,0.19,1.21,0.19,1.58,0.12,1.37,0.34
Cu-rich PCDs,Baogutu Cu-Mo,60.42,0.71,17.45,6.06,0.09,2.88,5.98,4.18,1.05,0.18,19.42,656,13.9,93.93,2.85,530.3,10.67,21.43,3.11,12.71,2.87,0.9,2.52,0.4,2.45,0.51,1.43,0.21,1.41,0.22,2.89,0.18,1.78,0.58
Cu-rich PCDs,Baogutu Cu-Mo,58.45,0.78,17.39,6.69,0.11,3.63,6.33,4.03,1.16,0.17,23.26,739,14.56,90.77,2.53,486.4,9.82,20.44,3.01,12.51,2.95,0.95,2.75,0.44,2.62,0.53,1.51,0.22,1.46,0.22,2.89,0.17,1.88,0.61
Cu-rich PCDs,Baogutu Cu-Mo,57.97,0.66,15.7,7.03,0.1,3.89,4.35,5.02,1.54,0.18,66.86,556,16.64,62.21,2.11,301.2,8.1,17.93,2.72,12.11,2.89,0.67,2.8,0.45,2.91,0.6,1.7,0.26,1.69,0.25,1.99,0.13,0.28,0.8
Cu-rich PCDs,Baogutu Cu-Mo,59.13,0.62,16.94,5.74,0.1,3.94,4.9,5.26,1.44,0.17,55.11,708,9.82,62,1.36,322.6,8.85,18.95,2.66,11.11,2.49,0.7,2.17,0.32,1.87,0.36,0.94,0.13,0.8,0.12,1.97,0.08,0.53,0.86
Cu-rich PCDs,Baogutu Cu-Mo,58.18,0.74,17.66,6.99,0.09,3.21,6.28,4.07,1.26,0.16,20.24,637,11.78,75.62,1.85,479,8.53,19.7,2.62,11.77,2.59,0.92,2.53,0.36,2.29,0.46,1.33,0.19,1.12,0.19,2.31,0.11,1.61,0.5
Cu-rich PCDs,Baogutu Cu-Mo,58.61,0.7,17.28,6.94,0.09,3.37,5.54,3.98,1.35,0.16,26,589,11.86,73.08,1.85,509,8.3,18.22,2.42,11.41,2.25,0.88,2.53,0.36,2.19,0.44,1.27,0.18,1.25,0.17,2.22,0.11,2.44,0.56
Cu-rich PCDs,Baogutu Cu-Mo,57.38,0.73,16.98,7.81,0.11,4.3,6.73,3.96,0.96,0.18,19.39,673,12.78,83.94,1.86,428,8.71,21.41,2.67,12.85,2.79,1.09,2.83,0.44,2.37,0.49,1.45,0.21,1.23,0.21,2.46,0.1,1.48,0.34
Cu-rich PCDs,Baogutu Cu-Mo,58.91,0.75,16.59,7.12,0.09,3.56,5.85,3.85,1.5,0.17,32.19,618,14.36,94.54,2.17,604,9.69,22.7,3.06,14.37,3.02,1.06,3,0.46,2.73,0.52,1.52,0.21,1.37,0.22,2.82,0.12,2.01,0.33
Cu-rich PCDs,Baogutu Cu-Mo,57.35,0.98,16.37,7.93,0.09,3.85,6.43,3.69,1.49,0.26,25.86,592,15.4,97.11,2.12,492,11.69,27.44,3.68,16.93,3.46,0.96,3.26,0.48,2.81,0.53,1.57,0.22,1.41,0.21,2.82,0.13,1.96,0.47
Cu-rich PCDs,Baogutu Cu-Mo,58.95,0.82,17.88,3.82,0.04,4.35,7.56,4.41,0.72,0.18,43.33,746,15.11,93.88,2.48,222,10.77,29.7,4.15,18.63,3.79,1.21,3.36,0.53,2.91,0.57,1.71,0.22,1.45,0.23,2.61,0.14,3.29,1.13
Cu-rich PCDs,Baogutu Cu-Mo,59.98,0.88,17.76,2.69,0.03,4.41,7.52,4.46,0.67,0.21,36.42,707,15.48,84.73,2.69,240,8.8,28.1,4.03,19.22,4.31,1.27,3.78,0.55,3.09,0.59,1.74,0.24,1.56,0.23,2.51,0.15,1.94,0.55
Cu-rich PCDs,Baogutu Cu-Mo,59.92,0.83,18.07,2,0.03,4.81,7.85,4.75,0.37,0.1,13.28,748,17.44,93.26,2.69,221,5.6,16.81,2.66,13.84,3.45,1.14,3.53,0.55,3.16,0.62,1.72,0.27,1.59,0.23,2.71,0.14,1.58,0.4
Cu-rich PCDs,Baogutu Cu-Mo,55.68,0.88,16.92,7.21,0.09,5.01,7.07,3.87,1.4,0.2,40.01,722,13.3,57.85,2.76,411.8,10.06,21.25,3.18,13.15,3.15,0.98,2.71,0.41,2.42,0.49,1.35,0.2,1.29,0.19,1.7,0.16,1.22,0.56
Cu-rich PCDs,Baogutu Cu-Mo,57.72,0.88,17.01,6.56,0.08,4.51,6.94,4.03,1.31,0.24,41.22,739,14.9,93.04,2.96,418.9,14.19,29.57,4.45,18.25,4,1.18,3.39,0.49,2.84,0.56,1.53,0.22,1.43,0.21,2.84,0.21,2.61,1.29
Cu-rich PCDs,Baogutu Cu-Mo,54.87,0.81,17.88,7.36,0.06,4.35,5.61,4.87,1.34,0.15,44.04,840,10.3,46.34,0.77,353,4.66,11.26,1.62,8.42,1.96,0.82,2.01,0.33,1.93,0.38,1.05,0.17,1.03,0.16,0,0.17,0.48,0.48
Cu-rich PCDs,Baogutu Cu-Mo,53.22,1.05,16.16,9.85,0.11,4.77,8.37,4.11,1.07,0.29,40.4,792,19,45.2,2.96,319,21.8,49.8,6.73,29.3,5.9,1.67,4.68,0.73,3.91,0.71,2,0.32,1.85,0.3,1.86,0.16,1.67,0.52
Cu-rich PCDs,Baogutu Cu-Mo,53.42,0.88,17.01,8.19,0.08,5.22,6.39,3.25,2.34,0.2,136,621,11.7,32.4,1.91,384,12.3,25,3.18,13.3,2.64,0.98,2.36,0.41,2.17,0.44,1.24,0.2,1.22,0.21,1.18,0.12,1.89,0.83
Cu-rich PCDs,Baogutu Cu-Mo,53.83,1.05,16.34,9.34,0.1,5.04,7.53,3.6,1.54,0.29,93.6,760,22,57.3,2.97,336,26.4,53.3,7.15,30.7,6.26,1.48,5.05,0.83,4.43,0.82,2.32,0.34,2.07,0.33,2.19,0.15,1.87,1.1
Cu-rich PCDs,Baogutu Cu-Mo,55.22,0.88,16.94,7.11,0.07,4.83,7.5,3.41,2.09,0.17,123,579,12.1,30.7,1.73,343,10.1,20.7,2.66,11.7,2.61,0.98,2.29,0.4,2.32,0.44,1.26,0.18,1.2,0.2,0.99,0.11,1.38,1.3
Cu-rich PCDs,Baogutu Cu-Mo,55.53,1.08,14.53,8.83,0.11,6.59,6.45,3.77,1.02,0.18,36.1,554,18.8,38.3,3.37,332,12.6,29.4,3.93,17.8,3.87,1.2,3.53,0.65,3.64,0.71,1.89,0.3,1.84,0.28,1.2,0.22,2.05,0.58
Cu-rich PCDs,Baogutu Cu-Mo,55.68,0.88,16.92,7.21,0.09,5.01,7.07,3.87,1.4,0.2,40.01,722,13.3,57.85,2.76,411.8,10.06,21.25,3.18,13.15,3.15,0.98,2.71,0.41,2.42,0.49,1.35,0.2,1.29,0.19,1.7,0.16,1.22,0.56
Cu-rich PCDs,Baogutu Cu-Mo,56.36,1.02,14.95,8.83,0.11,5.41,7.61,3.75,0.9,0.21,25.8,599,18.4,41.8,3.11,358,15.1,33.9,4.7,20.7,4.36,1.34,3.77,0.64,3.72,0.68,2,0.3,1.82,0.3,1.3,0.18,1.65,0.39
Cu-rich PCDs,Baogutu Cu-Mo,57.72,0.86,15.29,8.34,0.07,4.93,5.1,3.42,2.16,0.13,129,542,20.6,49.5,2.74,429,10.4,22.4,3.04,13.7,3.12,0.89,3.03,0.61,3.63,0.72,2.07,0.34,1.94,0.33,1.73,0.17,1.89,1.39
Cu-rich PCDs,Baogutu Cu-Mo,57.13,0.94,15.81,8.5,0.12,4.16,7.21,4.07,1.03,0.21,34.4,655,16.4,35.7,3.09,486,13.8,29.3,3.9,16.9,3.69,1.29,3.13,0.59,3.14,0.6,1.68,0.25,1.48,0.27,1.13,0.18,2.17,0.61
Cu-rich PCDs,Baogutu Cu-Mo,57.84,0.98,16.04,5.83,0.08,4.69,7.45,5.04,0.75,0.21,35.2,632,17.6,36.4,3.27,262,11.8,29.6,4.1,17.7,3.9,1.23,3.28,0.59,3.46,0.66,1.84,0.3,1.79,0.31,1.24,0.22,1.72,0.77
Cu-rich PCDs,Baogutu Cu-Mo,58.61,1.04,15.71,7.66,0.06,4.2,6.26,3.7,1.58,0.22,48.9,495,17,46.5,3.52,399,12.3,28.2,3.83,17,3.79,1.06,3.2,0.59,3.23,0.65,1.82,0.27,1.6,0.26,1.4,0.22,2.1,0.45
Cu-rich PCDs,Baogutu Cu-Mo,58.29,0.81,15.96,7.49,0.07,3.9,6.82,3.79,1.06,0.2,38.2,736,17,52.8,2.74,461,14.9,31.8,4.2,19,3.68,1.18,3.25,0.59,3.19,0.61,1.74,0.28,1.64,0.27,1.83,0.17,2.73,0.75
Cu-rich PCDs,Baogutu Cu-Mo,58.32,0.8,15.93,7.83,0.1,3.74,6.93,3.77,1.08,0.19,32.8,658,14.8,44.2,2.46,466,13.3,28.4,3.82,16,3.44,1.03,2.85,0.49,2.83,0.52,1.54,0.24,1.43,0.23,1.58,0.15,2.83,0.69
Cu-rich PCDs,Baogutu Cu-Mo,58.92,0.82,15.6,7.58,0.1,4.03,7.09,3.83,0.78,0.2,25.5,681,15.9,47,2.63,382,13.6,29,4.02,17,3.74,1.06,2.99,0.54,2.96,0.55,1.64,0.25,1.59,0.25,1.76,0.17,2.42,0.64
Cu-rich PCDs,Baogutu Cu-Mo,59.02,0.92,14.67,8.49,0.08,4.47,5.62,3.35,2.02,0.21,100,486,19.5,46.7,3.6,442,14.9,31.9,4.05,17.1,3.85,1.05,3.41,0.6,3.45,0.67,1.97,0.3,1.96,0.32,1.71,0.24,2.19,0.97
Cu-rich PCDs,Baogutu Cu-Mo,61.63,0.89,15.21,6.36,0.04,4.17,3.99,3.6,2.14,0.19,130,429,12,62.5,3.59,343,18.5,36,4.17,16.3,2.79,0.9,2.38,0.38,2.13,0.41,1.15,0.18,1.07,0.18,1.96,0.25,2.9,1.32
Cu-rich PCDs,Baogutu Cu-Mo,60.7,0.71,16.2,5.98,0.09,3.57,5.67,4.33,1.67,0.18,43.2,543,15,109,3.14,611,16.4,33.5,4.27,19,3.57,0.99,3.27,0.51,2.84,0.54,1.53,0.22,1.4,0.22,3.02,0.24,3.51,0.9
Cu-rich PCDs,Baogutu Cu-Mo,55.9,0.82,16.4,6.6,0.1,5.75,7.25,3.97,1.39,0.16,47,551,15.5,64.1,2.3,396,9.69,21,2.81,13.1,2.97,0.99,2.71,0.51,2.91,0.57,1.65,0.23,1.55,0.22,2.07,0.17,1.82,0.62
Cu-rich PCDs,Baogutu Cu-Mo,59.1,0.74,15.9,6.15,0.09,4.82,6.26,3.8,1.64,0.15,63.6,523,17.6,81,2.73,466,12.5,27.1,3.58,17.4,3.67,0.98,3.37,0.57,3.23,0.64,1.86,0.26,1.74,0.27,2.63,0.23,3.68,1.03
Cu-rich PCDs,Baogutu Cu-Mo,55.2,0.78,17.9,7.25,0.1,4.49,7.91,3.76,1.12,0.2,37.8,762,12.7,58.5,2.33,445,11.4,24.1,3.22,15.3,3.07,1.04,2.44,0.44,2.38,0.45,1.33,0.19,1.27,0.2,1.92,0.17,2.11,0.54
Cu-rich PCDs,Baogutu Cu-Mo,54.7,0.83,17.7,7.09,0.16,4.82,7.25,3.71,1,0.18,36.3,690,12.7,156,2.08,318,13.2,28.5,3.85,17.2,3.36,1.1,2.96,0.48,2.5,0.47,1.34,0.19,1.2,0.18,3.47,0.14,2.18,0.78
Cu-rich PCDs,Baogutu Cu-Mo,58,0.95,16.2,6.78,0.09,4.67,6.11,4.08,1.49,0.23,50.6,517,21.1,83.3,3.86,544,15.8,34.2,4.56,21,4.42,1.23,3.95,0.74,3.93,0.75,2.14,0.3,1.98,0.3,2.53,0.27,2.71,1.79
Cu-rich PCDs,Baogutu Cu-Mo,56.4,0.81,16.8,6.94,0.09,5.18,7.09,3.81,1.34,0.12,57,564,18.3,78.8,2.31,409,11.3,24.8,3.36,16.3,3.47,1.03,3.39,0.64,3.37,0.68,1.95,0.27,1.76,0.27,2.4,0.15,1.99,0.56
Cu-rich PCDs,Baogutu Cu-Mo,59.3,0.77,16.8,5.49,0.08,3.84,6.09,4.08,1.6,0.19,51.3,611,14.5,138,2.42,475,12,26.8,3.49,16.3,3.34,1.05,3.06,0.5,2.76,0.53,1.57,0.21,1.45,0.2,3.4,0.18,3.13,0.66
Cu-rich PCDs,Baogutu Cu-Mo,59.3,0.73,16.4,6.16,0.09,4.36,6.18,4.27,1.37,0.17,44.8,566,16.4,58.1,2.96,547,13.8,28.9,3.83,18,3.63,1.07,3.39,0.57,3.08,0.59,1.69,0.24,1.63,0.24,1.75,0.22,2.2,0.73
Cu-rich PCDs,Baogutu Cu-Mo,57,0.86,16.9,6.61,0.09,4.4,6.66,4.17,1.29,0.18,53.7,680,15.8,46.9,2.98,442,12.1,26.2,3.38,15.3,3.21,1.06,3.12,0.54,3.02,0.58,1.62,0.23,1.5,0.23,1.44,0.23,2.25,0.68
Cu-rich PCDs,Baogutu Cu-Mo,58,0.73,17.2,6.28,0.09,4.48,6.94,4.13,1.03,0.16,24.8,769,11.1,138,1.41,329,6.65,15.1,2.12,10.6,2.46,0.81,2.26,0.4,2.11,0.42,1.17,0.17,1.1,0.18,3.14,0.09,0.85,0.3
Cu-rich PCDs,Baogutu Cu-Mo,55.7,0.97,17.2,7.13,0.09,4.3,5.94,3.92,1.97,0.21,81,625,18.2,57.5,3.72,503,14.8,31.6,4.18,19.2,3.87,1.27,3.61,0.64,3.49,0.66,1.89,0.26,1.68,0.24,1.72,0.27,2.22,0.8
Cu-rich PCDs,Baogutu Cu-Mo,63.72,0.55,16.16,4.23,0.05,2.93,4.78,4.61,1.78,0.14,20.32,747.4,7.98,88.16,2.08,608.3,11,20.95,2.71,10.97,2.07,0.73,1.81,0.26,1.49,0.28,0.76,0.11,0.7,0.11,2.61,0.15,2.6,0.73
Cu-rich PCDs,Baogutu Cu-Mo,64.09,0.53,15.67,4.29,0.06,2.98,4.54,4.23,1.77,0.13,25.52,636.1,8.73,90.96,2.46,573.7,10.67,20.56,2.76,10.5,2.16,0.71,1.86,0.28,1.6,0.31,0.86,0.12,0.82,0.12,2.72,0.19,2.89,1.06
Cu-rich PCDs,Baogutu Cu-Mo,65.89,0.54,15.35,4.06,0.04,2.36,3.89,4.08,2.91,0.12,61.49,459.2,15.03,157.2,3.81,716.5,31.14,57.39,6.49,23.13,3.67,0.88,3.2,0.47,2.68,0.54,1.55,0.24,1.6,0.25,4.73,0.31,5.74,1.32
Cu-rich PCDs,Baogutu Cu-Mo,65.13,0.57,15.23,4.38,0.05,2.63,4.02,4.09,2.66,0.13,53.34,496.8,14.93,171.5,3.86,708.9,14.63,29.42,3.79,14.8,3.13,0.83,2.66,0.42,2.61,0.54,1.51,0.22,1.44,0.22,5,0.32,6.16,1.45
Cu-rich PCDs,Baogutu Cu-Mo,65.37,0.54,14.89,4.46,0.04,2.44,3.7,4.04,2.82,0.12,59.54,446.4,14.24,160.79,3.8,692.5,12.87,25.96,3.38,13.34,2.68,0.73,2.43,0.37,2.36,0.48,1.39,0.2,1.33,0.2,4.72,0.31,5.27,1.67
Cu-rich PCDs,Baogutu Cu-Mo,62.05,0.69,15.73,5.85,0.06,3.91,5.44,4.16,0.65,0.14,14.63,559,14.5,131.6,3.2,354,10.86,22.97,3.2,14.95,2.77,0.92,2.87,0.39,2.5,0.49,1.37,0.21,1.36,0.21,3.9,0.21,4.09,1.03
Cu-rich PCDs,Baogutu Cu-Mo,63.89,0.64,15.46,4.62,0.05,2.91,4.23,4.03,2.47,0.15,66.32,495,19.74,205.6,4.55,675.5,21.78,44.1,5.88,22.88,4.67,1.05,4.01,0.61,3.59,0.72,1.99,0.29,1.91,0.29,5.68,0.32,5.38,1.39
Cu-rich PCDs,Borly Cu-Mo,67.34,0.43,14.71,3.96,0.07,1.61,3.22,3.15,3.76,0.1,152,294,23.5,125,10.2,616,33.5,62.4,7.11,24.9,4.5,0.81,4.03,0.71,3.96,0.8,2.46,0.43,2.92,0.43,4.52,1.07,26.2,5.03
Cu-rich PCDs,Borly Cu-Mo,65.88,0.63,16.81,4.69,0.06,2.43,0.53,1.83,3.9,0.23,291,187,13.9,119,8.5,400,30.2,54.2,6.33,23.4,4.26,0.93,3.32,0.54,2.72,0.5,1.42,0.25,1.65,0.24,3.79,0.89,18.8,6.88
Cu-rich PCDs,Borly Cu-Mo,68.26,0.5,16.72,3.08,0.02,1.41,0.3,2.59,4.31,0.04,254.5,264.9,24.76,158.9,8.66,706.2,18.94,38.2,4.73,18.05,3.74,0.95,3.76,0.64,4.17,0.89,2.55,0.38,2.48,0.37,4.92,1.01,22.21,7.53
Cu-rich PCDs,Xiaokelehe Cu-Mo,67.55,0.51,15.8,3.63,0.03,1.14,2.34,4.92,3.16,0.19,56.9,1065,6.2,164,6,996,31.5,58.6,6.21,22.5,3.53,0.9,2.08,0.27,1.27,0.22,0.56,0.08,0.48,0.07,4.5,0.23,4.84,1.43
Cu-rich PCDs,Xiaokelehe Cu-Mo,63.68,0.74,16.36,4.46,0.06,1.79,3.7,5.09,2.82,0.27,56.3,1130,8.7,177,6.6,995,32.8,67.2,7.59,27.9,4.87,1.21,3.09,0.38,1.86,0.33,0.8,0.11,0.67,0.1,4.6,0.44,4.23,1.6
Cu-rich PCDs,Xiaokelehe Cu-Mo,64.66,0.58,16.64,3.96,0.11,1.22,3.16,5.14,2.96,0.23,60.3,1075,5.9,180,5.4,951,28,55.3,6.15,23.3,3.74,0.95,2.33,0.26,1.29,0.22,0.59,0.07,0.46,0.06,4.4,0.29,3.8,1.72
Cu-rich PCDs,Xiaokelehe Cu-Mo,65.74,0.33,17.29,2.76,0.08,0.78,3.09,5.52,2.83,0.19,47.2,1230,3.7,142,3.4,1000,20.5,37,4.02,14.6,2.08,0.72,1.34,0.16,0.81,0.13,0.31,0.04,0.26,0.04,3.6,0.16,4.8,1.23
Cu-rich PCDs,Xiaokelehe Cu-Mo,65.84,0.53,16.1,3.05,0.06,1.02,2.81,5.01,2.88,0.2,41.2,1065,6.1,194,6.5,1045,29.9,59.3,6.7,24.6,3.87,0.89,2.35,0.27,1.33,0.23,0.57,0.08,0.48,0.07,4.9,0.37,4.45,1.14
Cu-rich PCDs,Xiaokelehe Cu-Mo,65.9,0.52,16.24,2.99,0.06,1.08,2.91,5.13,3.07,0.2,51.9,1090,6.4,179,5.8,925,29.6,57.7,6.64,24.2,3.83,0.99,2.29,0.27,1.38,0.24,0.6,0.08,0.5,0.07,4.4,0.26,4.42,1.17
Cu-rich PCDs,Xiaokelehe Cu-Mo,65.68,0.59,16.1,3.3,0.05,1.16,2.97,4.95,3.26,0.22,66.5,1085,6.4,206,6.3,946,30,60.6,6.85,25.3,4.21,0.91,2.39,0.3,1.44,0.24,0.58,0.08,0.47,0.07,4.9,0.29,4.26,1.23
Cu-rich PCDs,Xiaokelehe Cu-Mo,66.8,0.54,15.47,2.9,0.06,1.17,2.94,4.66,3.26,0.2,63.4,1060,6.6,184,6.1,937,29.9,58.3,6.59,24.3,3.84,0.96,2.43,0.29,1.48,0.25,0.59,0.08,0.49,0.07,4.5,0.28,3.97,1.15
Cu-rich PCDs,Xiaokelehe Cu-Mo,64.7,0.6,16.63,4.09,0.11,1.28,3.22,5,2.86,0.24,50.8,1180,7.4,197,6,1010,29.9,60.1,6.95,25.6,4.32,1.06,2.51,0.3,1.61,0.28,0.66,0.09,0.54,0.08,4.8,0.34,3.33,0.95
Cu-rich PCDs,Xiaokelehe Cu-Mo,64.14,0.69,17.24,3.64,0.06,1.15,3.02,5.3,2.78,0.3,43.2,1430,6,228,5.8,1105,29.8,68.5,7.6,32.6,4.61,1.52,3.36,0.33,1.53,0.27,0.63,0.08,0.44,0.06,5.4,0.13,3.12,1.21
Cu-rich PCDs,Xiaokelehe Cu-Mo,63.42,0.7,16.81,4.93,0.09,1.26,2.36,5.17,2.8,0.29,62.2,1170,7.2,214,6,1060,29,61.2,6.69,28,4.63,1.32,3.2,0.36,1.52,0.23,0.7,0.09,0.53,0.07,4.9,0.14,3.21,0.98
Cu-rich PCDs,Xiaokelehe Cu-Mo,65.09,0.62,16.26,4.01,0.09,1.46,3.27,4.93,2.91,0.22,47.9,1000,6,157,5.7,774,24.7,49.4,5.69,21.4,3.43,0.88,2.25,0.25,1.32,0.22,0.6,0.08,0.47,0.07,4,0.34,3.84,1.29
Cu-rich PCDs,Xiaokelehe Cu-Mo,64.51,0.68,16.33,4.19,0.09,1.72,3.55,4.89,3.01,0.26,53.6,1110,8,188,6.4,909,32.2,62.6,7.15,27.2,4.5,1.12,2.82,0.34,1.74,0.3,0.73,0.1,0.63,0.1,4.7,0.4,4.61,1.42
Cu-rich PCDs,Xiaokelehe Cu-Mo,65.47,0.62,15.96,3.95,0.09,1.57,3.27,4.76,3.09,0.22,58.8,1000,7,160,6,841,30.4,58.6,6.55,24,4.23,1.03,2.59,0.3,1.5,0.27,0.66,0.09,0.55,0.08,4.1,0.36,5.22,1.6
Cu-rich PCDs,Yuhai Cu-Mo,63.17,0.39,17.21,5.22,0.06,2.55,4.18,4.18,1.33,0.21,30.5,609,12.7,71.2,2.73,457,20.1,35.5,4.37,17.8,3.12,1.01,2.75,0.5,2.44,0.49,1.33,0.25,1.6,0.22,2.25,0.24,1.89,1.46
Cu-rich PCDs,Yuhai Cu-Mo,62.87,0.39,17.39,5.57,0.06,1.91,5.67,4.13,0.41,0.25,5.92,913,13.9,84.2,7.57,430,43.8,76.3,8.43,33.7,5.35,1.66,4.13,0.58,2.8,0.45,1.33,0.24,1.6,0.25,2.53,0.17,3.61,5.12
Cu-rich PCDs,Yuhai Cu-Mo,63.25,0.41,17.23,5.84,0.1,1.93,5.98,3.85,0.66,0.21,10.1,786,14.6,79.4,2.18,842,18,34.2,4.4,18.6,3.52,1.24,2.77,0.48,2.55,0.49,1.34,0.24,1.38,0.26,2.57,0.14,1.23,0.66
Cu-rich PCDs,Yuhai Cu-Mo,63.33,0.4,17.36,5.65,0.09,1.88,6,4.05,0.58,0.2,8.69,770,13.5,76.3,1.99,637,16.1,31.1,4.1,17.8,3.36,1.11,2.53,0.48,2.86,0.44,1.34,0.29,1.53,0.3,2.24,0.12,1.17,0.58
Cu-rich PCDs,Yuhai Cu-Mo,64.32,0.36,17.17,5.22,0.08,1.84,5.79,3.8,0.42,0.2,6.34,866,11.5,73.4,2.44,416,11.6,21.3,2.92,13.1,2.57,1.08,2.28,0.34,1.91,0.38,1.23,0.21,1.3,0.26,2.27,0.12,1.56,0.89
Cu-rich PCDs,Yuhai Cu-Mo,64.29,0.36,17.05,5.35,0.08,1.94,5.62,3.52,0.46,0.2,5.83,781,10.6,65.4,1.87,321,15,27.9,3.51,14.9,2.72,1.05,2.35,0.42,2.03,0.37,1.21,0.18,1.26,0.21,2.13,0.13,1.46,0.87
Cu-rich PCDs,Yuhai Cu-Mo,61.3,0.4,16.91,5.49,0.06,2.63,4.48,3.99,0.63,0.23,11.3,772,17.4,78.7,2.83,336,14.2,27.5,3.76,17.3,3.74,1.15,3.14,0.55,3.25,0.55,1.84,0.32,1.93,0.34,2.35,0.2,1.8,1.23
Cu-rich PCDs,Yuhai Cu-Mo,62.67,0.4,16.25,5.44,0.1,2.8,4.06,3.28,1.76,0.22,28.6,612,15,47,3.12,808,18.9,36.9,4.65,19.7,3.66,1.02,2.94,0.51,2.68,0.52,1.48,0.28,1.78,0.26,1.48,0.17,1.55,0.92
Cu-rich PCDs,Yuhai Cu-Mo,62.86,0.38,16.85,5.13,0.09,1.81,5,4.19,0.49,0.21,6.3,791,12.8,52,2.47,314,16.9,33.2,4.18,17.6,3.34,1.15,2.64,0.43,2.26,0.44,1.25,0.23,1.49,0.23,1.56,0.14,1.43,0.73
Cu-rich PCDs,Yuhai Cu-Mo,63.25,0.45,16.72,5.85,0.13,2.02,5.04,3.72,0.56,0.25,8.1,744,13.8,80,3.52,436,21.1,42.2,5.19,22,4.08,1.34,3.23,0.53,2.57,0.48,1.35,0.23,1.54,0.24,2.24,0.2,1.98,1.02
Cu-rich PCDs,Yuhai Cu-Mo,63.9,0.36,16.96,5.43,0.15,1.72,5.85,4.14,0.32,0.2,4,904,13.1,62,2.5,207,18.4,34.7,4.02,15.8,3.08,1,2.44,0.34,2.13,0.41,1.22,0.19,1.37,0.24,1.7,0.2,1.76,0.78
Cu-rich PCDs,Yuhai Cu-Mo,64.41,0.43,16.63,4.97,0.18,1.7,5.47,4.81,0.22,0.24,3.2,870,14.8,91,3.3,241,17.7,36.9,4.34,18.2,3.63,1.06,2.98,0.41,2.44,0.48,1.39,0.21,1.4,0.23,2.3,0.2,2.19,0.74
Cu-rich PCDs,Yuhai Cu-Mo,65.1,0.36,16.97,5.62,0.13,1.7,5.24,4.04,1.01,0.2,16.6,840,12.8,70,2.5,421,18.8,37.5,4.38,17.1,3.41,1.1,2.82,0.37,2.24,0.42,1.24,0.19,1.35,0.22,1.9,0.21,1.71,0.84
